,label,category,address,outgoing_txns,incoming_txns,total_eth_sent,avg_eth_sent,total_usd_sent,avg_usd_sent,total_eth_recd,avg_eth_recd,total_usd_recd,avg_usd_recd,active_months,monthly_outgoing_txns,monthly_incoming_txns,monthly_eth_sent,monthly_usd_sent,monthly_eth_recd,monthly_usd_recd,contracts_created,contract_txns_sent,incoming_avg_time_btwn_txns,incoming_std_time_btwn_txns,outgoing_avg_time_btwn_txns,outgoing_std_time_btwn_txns,num_tokens_used,eth_balance,cluster
0,Bgogo_1,Exchange,0x7a10ec7d68a048bdae36a70e93532d31423170fa,4634,42,55512.9469664,11.979487908,11934494.804898284,2575.4196816785125,58124.066213484,1383.906338416,12488926.173768954,297355.38508973696,3,1544.6666666666667,14.0,18504.315655467,3978164.934966095,19374.688737828,4162975.391256318,0,0,138368.95121951215,140973.95081892813,1257.4245629181974,4127.817339452571,5,486.335359084,101
1,Bgogo_2,Exchange,0xce1bf8e51f8b39e51c6184e059786d1c0eaf360f,36,5043,57900,1608.333333333,12488531.0,346903.63888888905,61671.7841197,12.229185826,13254872.619231598,2628.3705372261993,3,12.0,1681.0,19300,4162843.6666666665,20557.261373233,4418290.8730772,0,0,923.4071796905988,18807.43692227129,137318.3142857143,143579.4986393112,16,4361.036312862,101
2,Rate3_Wallet2,ICO Wallets,0x841991ffe0dafd619bc517d82ee4700c37136140,7,5,5040,720,1877741.1999999997,268248.7428571429,9684.7308,1936.94616,4048955.956948,809791.1913896,5,1.4,1.0,1008,375548.23999999993,1936.94616,809791.1913896,0,0,1017962.75,1390812.796456656,717166.0,1001969.7270081567,3,4644.727651874,1
3,Bitmax_1,Exchange,0x03bdf69b1322d623836afbd27679a1c0afa067e9,1061,1081,3348.282084541,3.155779533,779894.9312474822,735.0564856243982,6077.344511858,5.621965321,1374003.199488838,1271.0482881487894,5,212.2,216.2,669.656416908,155978.98624949643,1215.468902372,274800.63989776757,0,0,9625.877777777778,65932.08127704986,9759.73773584906,53139.93862826313,13,3871.119196898,100
4,Bitmax_2,Exchange,0x4b1a99467a284cc690e3237bc69105956816f762,3,1303,260,86.666666667,50970.399999999994,16990.13333333333,2958.985716476,2.270902315,804324.4145231864,617.2865806010643,5,0.6,260.6,52,10194.079999999998,591.797143295,160864.88290463728,0,0,8146.991551459295,138671.90973881283,1307516.0,1848833.9170022816,3,2698.982399248,6
5,BigONE_1,Exchange,0xd4dcd2459bb78d7a645aa7e196857d421b10d93f,18665,13530,146649.064314301,7.856901383,55047606.1072028,2949.2422237986384,157472.714797711,11.638781582,57906452.54650094,4279.856064042906,6,3110.8333333333335,2255.0,24441.51071905,9174601.017867133,26245.452466285,9651075.424416823,0,0,968.6475718826222,2607.5009350672544,701.8619802828977,1844.9941809247553,161,10262.461085817,101
6,Coinrail_Hack,Heist,0xf6884686a999f5ae6c1af03db92bab9c6d7dc8de,5,4,1693.512132673,338.702426535,376081.96449908323,75216.39289981665,8947,2236.75,3376621.73,844155.4325000001,6,0.8333333333333334,0.6666666666666666,282.252022112,62680.32741651387,1491.166666667,562770.2883333333,0,0,2722357.3333333335,2854648.1072483053,2040091.25,3271048.9044507192,3,7446.134010779,1
7,Coinrail_Hack,Phish/Hack,0xf6884686a999f5ae6c1af03db92bab9c6d7dc8de,5,4,1693.512132673,338.702426535,376081.96449908323,75216.39289981665,8947,2236.75,3376621.73,844155.4325000001,6,0.8333333333333334,0.6666666666666666,282.252022112,62680.32741651387,1491.166666667,562770.2883333333,0,0,2722357.3333333335,2854648.1072483053,2040091.25,3271048.9044507192,3,7446.134010779,1
8,Fake_Phishing1431,Phish/Hack,0xdf9191889649c442836ef55de5036a7b694115b6,9,7,13747,1527.444444444,4363485.73,484831.7477777778,15526.883550987,2218.12622157,3810762.8621220975,544394.6945888711,6,1.5,1.1666666666666667,2291.166666667,727247.6216666667,2587.813925165,635127.1436870162,0,0,1372057.0,2722141.4961033897,1035478.25,1945720.079980068,15,11371.001874184,1
9,IDEX_2,Dex,0xa7a7899d944fe658c4b0a1803bab2f490bd3849e,217,126,0,0,0.0,0.0,4442.599147341,35.258723392,1742242.925674053,13827.324806936933,7,31.0,18.0,0,0.0,634.657021049,248891.8465248647,0,0,112866.90399999998,231875.27423423217,8.412037037037035,34.102876418525554,22,118.957424939,5
10,Fake_Phishing1746,Phish/Hack,0xd8d0506ed425364ee126819e8b73fc3160c39d49,5,72,15.088521616,3.017704323,9484.278601588958,1896.8557203177916,97.433346341,1.353240921,50171.48562090192,696.826189179193,7,0.7142857142857143,10.285714285714286,2.155503088,1354.8969430841369,13.919049477,7167.355088700274,0,0,91394.80281690143,502657.83200556226,1493416.5,1548172.2720940977,2,82.337999725,2
11,FCoin,Exchange,0x915d7915f2b469bb654a7d903a5d4417cb8ea7df,109642,96188,1394892.185457732,12.722243168,611979043.0363495,5581.611453971663,1405578.772196829,14.612828754,618325129.1991497,6428.298012217196,7,15663.142857142857,13741.142857142857,199270.312208247,87425577.57662137,200796.96745669,88332161.31416425,0,0,152.41789431004196,1718.6125804906237,133.72675367791234,926.4247184055472,277,8559.252901756,101
12,Gate.io_3,Exchange,0x1c4b70a3968436b9a0a9cf5205c787eb81bb558c,30,23950,233001,7766.7,104147437.85000002,3471581.2616666663,334390.504971634,13.96202526,163244174.74293706,6816.04069907875,7,4.285714285714286,3421.4285714285716,33285.857142857,14878205.40714286,47770.072138805,23320596.39184815,0,0,672.2500313165476,20864.9064149065,540492.551724138,706136.6139638979,194,101389.290293502,101
13,Huobi_16,Exchange,0x956e0dbecc0e873d34a5e39b25f364b2ca036730,1835,27597,492995.62964139,268.662468469,170155424.31815872,92727.75167202092,493530.729456327,17.883492027,174600932.98127604,6326.808456762573,7,262.14285714285717,3942.4285714285716,70427.947091627,24307917.75973696,70504.389922332,24942990.425896578,0,0,387.62161182780125,13020.59991118186,5800.9999999999945,73888.47950044084,10,531.176057433,101
14,Perlin_TokenSale,Token Sale,0x746aaac06b04c36f5fea9bbb35ca75518eda1cca,26,167,19212.15969,738.929218846,5190490.216688899,199634.23910341924,45299.11369,271.252177784,22643085.871311814,135587.3405467772,7,3.7142857142857144,23.857142857142858,2744.594241429,741498.6023841285,6471.301955714,3234726.553044545,0,0,37210.65662650602,132354.96869315574,439010.07999999996,1097195.9300228665,8,28370.769605,1
15,Huobi_15,Exchange,0xeb6d43fe241fb2320b5a3c9be9cdfd4dd8226451,91149,30334,1290304.20643554,14.155988617,458505102.88719344,5030.281219620615,1304278.703980109,42.997254038,477623437.146121,15745.48154368432,7,13021.285714285714,4333.428571428572,184329.172347934,65500728.983884774,186325.529140016,68231919.59230301,0,0,433.0233409158341,15740.438963235947,109.1130249703778,9448.347581910126,19,252.377000813,101
16,INCX_Wallet,ICO Wallets,0xc4904676bfee9b5332033e6f7307433635346d21,33,3,5546.178937,168.066028394,2315868.6121988,70177.83673329696,4.174737083,1.391579028,2853.3467659930902,951.1155886643634,7,4.714285714285714,0.42857142857142855,792.311276714,330838.37317125715,0.596391012,407.62096657044145,0,0,1279799.5,1719685.8131660272,473180.6249999999,577439.720565887,4,2865.012759326,4
17,Airbloc_Wallet2,ICO Wallets,0x7d5d58560819c172e45b46c0965bbda5a8895f80,59,28,10388.895034903,176.082966693,4647394.980471473,78769.40644866903,11864.171581989,423.720413642,6510808.923380786,232528.89012074235,8,7.375,3.5,1298.611879363,580924.3725589341,1483.021447749,813851.1154225982,0,0,560543.962962963,1495865.7371410888,300318.03448275867,439754.20557704795,6,75.258109968,1
18,Rate3_Wallet1,ICO Wallets,0xb0c591788ac5f9638a8aea025019e626f17186df,23,54,18048.1,784.7,8634544.584999999,375414.98195652175,16218.14,300.335925926,8546197.051300004,158262.90835740743,8,2.875,6.75,2256.0125,1079318.0731249999,2027.2675,1068274.6314125005,0,0,136785.4150943396,146139.46682054648,526710.8181818184,774325.0898787761,11,3149.111503326,1
19,Gate.io_2,Exchange,0x7793cd85c11a924478d358d49b05b37e91b5810f,47,10842,11217.4676,238.669523404,7153161.27652,152194.92077702133,11461.962513522,1.057181564,6975085.248289281,643.3393514378683,8,5.875,1355.25,1402.18345,894145.159565,1432.74531419,871885.6560361601,0,0,34.162531131814404,3105.1271362165317,299394.4782608696,546105.4900261076,156,244.31692817,100
20,Uex,Exchange,0x2f1233ec3a4930fd95874291db7da9e90dfb2f03,6355,3607,50760.88401096,7.987550592,19574808.63162772,3080.221657219156,51461.178436395,14.26703034,19918321.750747308,5522.129678610276,8,794.375,450.875,6345.11050137,2446851.078953465,6432.647304549,2489790.2188434135,0,0,4730.05768164171,16526.517307332808,2663.1693421466816,13442.791681691471,37,434.38403184,101
21,Bitfinex_5,Exchange,0x742d35cc6634c0532925a3b844bc454e4438f44e,97,2202,2310000.55,23814.438659794,996953687.8805002,10277873.070932996,3971213.6203725,1803.457593266,1717737650.352191,780080.6768175258,8,12.125,275.25,288750.06875,124619210.98506252,496401.702546563,214717206.29402387,0,0,7612.590186278963,44957.16721586907,177563.1041666666,272623.3755777365,108,1614820.509178337,101
22,Gate.io_1,Exchange,0x0d0707963952f2fba59dd06f2b425ace40b492fe,479582,492072,2437018.042751326,5.081546102,1066723941.6483476,2224.278520978801,2517130.833423183,5.115370989,1100754044.4362972,2236.977605790013,8,59947.75,61509.0,304627.255343916,133340492.70604345,314641.354177898,137594255.55453715,0,0,35.793619213487474,841.9819047408803,36.75822228153331,91.15655318609468,281,47503.015072597,101
23,Bilaxy,Exchange,0xf7793d27a1b76cdf14db7c83e82c772cf7c92910,37026,39221,259968.22463932,7.021234393,109281101.06483914,2951.4692665920884,260331.478878534,6.637553323,109470804.69168311,2791.1273218857973,8,4628.25,4902.625,32496.028079915,13660137.633104892,32541.434859817,13683850.58646039,0,0,442.507266700663,1729.600449439927,468.7450911546249,2847.7047644382574,113,287.431825664,101
24,Fake_Phishing700,Phish/Hack,0x4aa65136a914a90864c9244e6183e8137b632c16,14,4,0.15,0.010714286,82.9855,5.927535714285716,0.477047399,0.11926185,195.35728038603708,48.83932009650927,9,1.5555555555555556,0.4444444444444444,0.016666667,9.220611111111111,0.053005267,21.706364487337453,0,0,4375560.333333333,4002408.690513418,1144565.4615384613,2387578.2651465274,55,526.580335893,0
25,Fake_Phishing631,Phish/Hack,0xeba3dbe720092b2c120fa5b6752936477ab4ec6b,3,61,7.25,2.416666667,3804.0365,1268.0121666666666,64.68698956,1.060442452,34901.070337031604,572.1486940496984,9,0.3333333333333333,6.777777777777778,0.805555556,422.67072222222225,7.187443284,3877.8967041146225,0,0,3082.216666666667,6489.034197526367,927785.0,1305979.5558039949,6,59.43440656,2
26,BitUN.io_2,Exchange,0xf8d04a720520d0bcbc722b1d21ca194aa22699f2,15213,416,179163.921601386,11.777027647,63959489.17961269,4204.265376954795,182262.824134949,438.131788786,65510798.861156836,157477.8818777809,9,1690.3333333333333,46.22222222222222,19907.102400154,7106609.908845854,20251.424903883,7278977.651239648,0,0,51835.14939759036,166309.05662884004,1416.789836970814,11280.989948327224,91,3152.119161489,101
27,Cobo,Wallet App,0xa9c7d31bb1879bff8be25ead2f59b310a52b7c5a,4925,3680,26082.241329556,5.295886564,11049459.886913728,2243.545154703291,28578.197919644,7.765814652,11622153.539542422,3158.193896614797,10,492.5,368.0,2608.224132956,1104945.9886913728,2857.819791964,1162215.353954242,0,0,6610.739331340041,15588.661339200753,4848.220552396427,12063.293211959524,56,1575.40001592,101
28,Dether_Wallet,ICO Wallets,0x23b61de5076526b3a1026491157c6df731ae8b61,56,5,12200.066178863,217.858324623,4847779.810623063,86567.49661826894,3896.73291912,779.346583824,2927848.668723607,585569.7337447214,10,5.6,0.5,1220.006617886,484777.98106230627,389.673291912,292784.8668723607,0,0,1623503.0,3245878.06515063,323891.45454545465,522211.6231224094,12,2250.610099993,1
29,MyEtherWallet_Donate,Donate,0xdecaf9cd2367cdbb726e904cd6397edfcae6068d,8,370,37.58812554,4.698515693,15776.839296270302,1972.1049120337877,1904.418081141,5.147075895,1313894.3884887006,3551.0659148343275,10,0.8,37.0,3.758812554,1577.6839296270302,190.441808114,131389.43884887005,0,0,61178.715447154485,77521.53201231036,2242751.285714286,4009598.0302512753,267,1873.763975126,6
30,Hero_Wallet,ICO Wallets,0x1706024467ef8c9c4648da6fc35f2c995ac79cf6,65,6,6631.206605319,102.018563159,2002814.5932519208,30812.5322038757,38.943804107,6.490634018,27353.942734883,4558.990455813834,10,6.5,0.6,663.120660532,200281.4593251921,3.894380411,2735.3942734883,0,0,3859178.6,7391602.214661331,364505.625,512526.5583957886,21,34657.804703871,4
31,Lendingblock_Wallet,ICO Wallets,0x562f587bff5a559e3fe671028b3096d8e3bb9107,115,17,19906.655683296,173.101353768,7391820.420155371,64276.69930569885,4063.781857115,239.045991595,2741088.685826811,161240.51093098897,10,11.5,1.7,1990.66556833,739182.042015537,406.378185712,274108.8685826811,0,0,1279238.25,2432248.424202827,209739.03508771927,380417.82594928565,11,433.4228288,1
32,Fake_Phishing638,Phish/Hack,0x40949225c4a1745a9946f6aaf763241c082cb9ac,22,454,74.33789798,3.378995363,39713.274302171616,1805.1488319168911,472.275734319,1.040254921,283881.40501516307,625.2894383593904,10,2.2,45.4,7.433789798,3971.3274302171617,47.227573432,28388.140501516307,0,0,22476.227373068432,58368.45259557365,351262.52380952385,794628.1048387742,9,407.138812347,2
33,Fake_Phishing429,Phish/Hack,0x69f8e87518129498da751f26ea2309db05e7270b,27,359,96.0214,3.556348148,82218.72950199999,3045.1381297037033,199.563418787,0.55588696,164016.00720021583,456.8691008362563,10,2.7,35.9,9.60214,8221.872950199999,19.956341879,16401.600720021583,0,0,26486.265363128474,377686.680787753,364254.8461538461,1476831.2549963098,13,108.307032152,2
34,Okex_1,Exchange,0x6cc5f688a315f3dc28a7781717a9a798a59fda7b,392467,312401,5418637.39363095,13.806606399,2131016623.0491662,5429.798232844175,5568677.405504098,17.825414789,2250757114.2946258,7204.705216355274,10,39246.7,31240.1,541863.739363095,213101662.30491662,556867.74055041,225075711.42946258,0,0,77.36501280409729,6066.6342458569825,53.00636488256302,469.8340391335432,341,199432.8475474,101
35,Zebi_Wallet2,ICO Wallets,0x11e63fa9256c37d100b6786569663b116480f92a,60,23,9601.395456017,160.0232576,4070232.1098963995,67837.20183160665,14335.761617,623.293983348,10918803.36467665,474730.5810728978,10,6.0,2.3,960.139545602,407023.21098964,1433.5761617,1091880.3364676652,0,0,555161.8636363636,1129936.1054091381,306273.9322033899,467301.28797242255,13,4834.831168103,1
36,KuveraPool,Mining,0x4e4e23ac3c11789e23169025503ea4373b01417b,18,239,2298.7,127.705555556,1136415.5129999998,63134.19516666666,283.89173575,1.18783153,220187.48553167918,921.2865503417526,10,1.8,23.9,229.87,113641.55129999998,28.389173575,22018.74855316792,0,0,13291.74789915966,2068.629362231598,875406.8823529412,615204.1316070304,7,581.724843599,6
37,Fake_MetadiumPresale,Heist,0x6ca33486eed915816560630b883a047c4e2b92df,115,22,1473.34,12.811652174,903994.5986499994,7860.822596956522,5136.27095012,233.466861369,2908281.8180711973,132194.62809414533,10,11.5,2.2,147.334,90399.45986499994,513.627095012,290828.18180711975,0,0,216836.42857142858,452873.6051015307,29768.98245614036,206328.29144162688,11,3662.831935136,1
38,WhalesburgPool,Mining,0x7c6694032b4db11ac485e1cff0f7509d58b41569,9555,306,2082.899633406,0.217990542,820645.0404620481,85.88645112109333,571.16330294,1.866546742,173253.66193318882,566.1884376901596,10,955.5,30.6,208.289963341,82064.50404620482,57.116330294,17325.36619331888,0,0,78535.48852459021,225173.24725221237,2517.8902030563104,11287.847082780849,12,47.02803234,100
39,MyCrypto_Donate,Donate,0x4bbeeb066ed09b7aed07bf39eee0460dfa261520,16,52,50.20121142,3.137575714,30078.728433904605,1879.9205271190378,105.279272534,2.024601395,84865.56666509467,1632.0301281748968,10,1.6,5.2,5.020121142,3007.8728433904607,10.527927253,8486.556666509467,0,0,462349.01960784313,587912.7538553145,1432649.0000000002,3257261.6991079883,18,55.221679026,2
40,Trade.io_Wallet2,ICO Wallets,0x5a2fad810f990c4535ada938400b6b67ef7646af,25,10,15175.1401,607.005604,11454124.160194999,458164.9664078,15364.08,1536.408,14626548.150799999,1462654.8150799999,11,2.272727272727273,0.9090909090909091,1379.558190909,1041284.0145631817,1396.734545455,1329686.1955272725,0,0,2950726.0,6468635.308428491,1051945.4583333333,1977451.8145022986,14,63.251639499,1
41,2Miners_PPLNS,Mining,0x00192fb10df37c9fb26829eb2cc623cd1bf599e8,213100,4,15110.188501737,0.070906563,6214369.144608099,29.161751030539353,23.966726528,5.991681632,21753.290763525147,5438.322690881288,11,19372.727272727272,0.36363636363636365,1373.653500158,564942.6495098271,2.178793321,1977.5718875931952,0,0,3858662.0,2920099.203494121,121.43508885541465,1271.6166589924533,19,120.101956544,100
42,Binance_4,Binance,0x0681d8db095565fe8a346fa0277bffde9c0edbbf,647655,727,6159822.80837053,9.510963103,3714533640.293781,5735.3585478281175,6276247.84291649,8633.078188331,3767628985.206454,5182433.267134052,11,58877.72727272727,66.0909090909091,559983.891670048,337684876.3903437,570567.985719681,342511725.9278594,0,0,36676.98898071627,53315.681075205095,41.152388466681295,1296.313000422134,310,28796.708749983,101
43,Binance_4,Exchange,0x0681d8db095565fe8a346fa0277bffde9c0edbbf,647655,727,6159822.80837053,9.510963103,3714533640.293781,5735.3585478281175,6276247.84291649,8633.078188331,3767628985.206454,5182433.267134052,11,58877.72727272727,66.0909090909091,559983.891670048,337684876.3903437,570567.985719681,342511725.9278594,0,0,36676.98898071627,53315.681075205095,41.152388466681295,1296.313000422134,310,28796.708749983,101
44,HitBTC_2,Exchange,0x59a5208b32e627891c389ebafc644145224006e8,160203,1737,1008664.109795559,6.29616243,352616727.9618991,2201.0619524097356,1025480.910303383,590.374732472,359114200.03007424,206743.9263270437,11,14563.90909090909,157.9090909090909,91696.737254142,32056066.178354464,93225.537300308,32646745.457279477,0,0,14136.827188940095,66422.23912903992,150.70708230858554,778.1281385203894,497,726.055585597,101
45,EuropeanCryptoBankICO,Token Sale,0x2cee632c70d14f488e97577c6c2e54b2ce047daa,9,96,13.39,1.487777778,6286.126700000001,698.4585222222221,67.252039327,0.700542076,43594.703281264316,454.11149251316954,11,0.8181818181818182,8.727272727272727,1.217272727,571.4660636363637,6.113821757,3963.1548437513015,0,0,153416.03157894732,290235.21531210665,1232561.125,1283970.2109265218,6,54.241297077,2
46,Remitano,Exchange,0xb8cf411b956b3f9013c1d0ac8c909b086218207c,28352,49925,98951.52036692,3.490107236,45217495.34862596,1594.860868673298,99539.132356217,1.993773307,46072523.78728911,922.8347278375303,11,2577.4545454545455,4538.636363636364,8995.592760629,4110681.3953296323,9049.012032383,4188411.253389919,0,0,490.71971396522713,5000.974870607738,814.9947797255824,11261.66879927318,19,572.657661546,101
47,CPChain_Wallet,ICO Wallets,0x95b2eb812ce96cabc6dfd94bfcdae5192e027763,21,119,18263.224,869.677333333,14997773.998340003,714179.7142066667,25044.614778125,210.458947715,26379848.153339256,221679.39624654828,11,1.9090909090909092,10.818181818181818,1660.293090909,1363433.9998490913,2276.783161648,2398168.0139399325,0,0,15714.881355932197,49339.12875768075,1286515.75,2042350.1608642426,27,12689.195068504,1
48,Binance_2,Binance,0xd551234ae421e3bcba99a0da6d736074f22192ff,659575,758,6328579.94042313,9.594936043,3699694295.282259,5609.209408000827,6432537.012736287,8486.196586723,3753460766.3519974,4951795.206269123,11,59961.36363636364,68.9090909090909,575325.449129375,336335845.0256599,584776.092066935,341223706.03199977,0,0,35160.766182298554,45676.78936839564,40.40841058016233,761.3328085499019,290,27673.806295508,101
49,Binance_2,Exchange,0xd551234ae421e3bcba99a0da6d736074f22192ff,659575,758,6328579.94042313,9.594936043,3699694295.282259,5609.209408000827,6432537.012736287,8486.196586723,3753460766.3519974,4951795.206269123,11,59961.36363636364,68.9090909090909,575325.449129375,336335845.0256599,584776.092066935,341223706.03199977,0,0,35160.766182298554,45676.78936839564,40.40841058016233,761.3328085499019,290,27673.806295508,101
50,Binance_3,Binance,0x564286362092d8e7936f0549571a803b203aaced,615240,678,5823039.74567252,9.464663783,3502765313.8385167,5693.331567906134,5917479.884081032,8727.846436698,3551856926.461346,5238727.03017899,11,55930.90909090909,61.63636363636363,529367.249606593,318433210.34895605,537952.716734639,322896084.22375876,0,0,39191.24667651402,60944.56700387371,43.327103775930965,1286.0060336067977,261,22316.802499451,101
51,Binance_3,Exchange,0x564286362092d8e7936f0549571a803b203aaced,615240,678,5823039.74567252,9.464663783,3502765313.8385167,5693.331567906134,5917479.884081032,8727.846436698,3551856926.461346,5238727.03017899,11,55930.90909090909,61.63636363636363,529367.249606593,318433210.34895605,537952.716734639,322896084.22375876,0,0,39191.24667651402,60944.56700387371,43.327103775930965,1286.0060336067977,261,22316.802499451,101
52,Hotbit,Exchange,0x274f3c32c90517975e29dfc209a23f315c1e5fc7,59807,76656,310011.428871388,5.183530839,109766838.2674486,1835.3510168951839,316577.041596119,4.129840346,112576503.21468921,1468.59349841749,11,5437.0,6968.727272727273,28182.857170126,9978803.478858965,28779.731054193,10234227.564971747,0,0,325.44091057334805,6457.051250781662,414.84857706584603,7041.914115701819,316,1761.780244701,101
53,Binance_5,Binance,0xfe9e8709d3215310075d67e3ed32a380ccf451c8,54,12891,1403296.296705348,25986.968457506,562331907.8055685,10413553.848251268,1953070.898413558,151.50654708,1246235769.9014685,96674.87160821355,12,4.5,1074.25,116941.358058779,46860992.31713071,162755.90820113,103852980.82512237,0,0,2161.261830876648,58662.88810457781,526969.0188679245,1425242.0716719225,248,549774.171806276,101
54,Binance_5,Exchange,0xfe9e8709d3215310075d67e3ed32a380ccf451c8,54,12891,1403296.296705348,25986.968457506,562331907.8055685,10413553.848251268,1953070.898413558,151.50654708,1246235769.9014685,96674.87160821355,12,4.5,1074.25,116941.358058779,46860992.31713071,162755.90820113,103852980.82512237,0,0,2161.261830876648,58662.88810457781,526969.0188679245,1425242.0716719225,248,549774.171806276,101
55,HitBTC_3,Exchange,0xa12431d0b9db640034b0cdfceef9cce161e62be4,4052,161166,1490282.98549,367.789483092,765975390.7873013,189036.3748241121,1509357.219587492,9.365233483,768745978.6255586,4769.901707714721,12,337.6666666666667,13430.5,124190.248790833,63831282.56560844,125779.768298958,64062164.885463215,0,0,171.2701889368039,4489.169533600829,6807.226117008146,13653.379839718216,512,14568.101615506,101
56,Coinex,Exchange,0xb9ee1e551f538a464e8f8c41e9904498505b49b0,39693,60874,525466.786245862,13.238273405,191401870.08887702,4822.056032269623,531991.475517737,8.73922324,195124140.19057372,3205.37733992465,12,3307.75,5072.833333333333,43788.898853822,15950155.840739751,44332.622959811,16260345.015881144,0,0,460.33597818408816,2238.625578120325,705.725461050086,3172.8281477333394,107,3482.34069608,101
57,Cobinhood_1,Exchange,0x8958618332df62af93053cb9c535e26462c959b0,71490,48829,160574.295008772,2.246108477,98955273.55364466,1384.1834319995091,148738.15377597,3.046102803,91575640.01660186,1875.4354997358475,12,5957.5,4069.0833333333335,13381.191250731,8246272.796137054,12394.846147998,7631303.334716822,0,0,582.1569181617108,2613.63571515599,397.6159688903187,1025.752358066251,138,796.746707681,101
58,Bitfinex_4,Exchange,0x876eabf441b2ee5b5b0554fd502a8e0600950cfa,354569,507223,24129238.646573309,68.052307581,14131437521.808165,39855.25390490645,25289233.372930583,49.858214972,14927456128.76484,29429.76980295624,12,29547.416666666668,42268.583333333336,2010769.887214442,1177619793.4840138,2107436.114410882,1243954677.39707,0,0,58.09780727176658,124.77389649265722,83.10808646014303,204.66049719412436,203,50050.301872736,101
59,Coinbene,Exchange,0x9539e0b14021a43cde41d9d45dc34969be9c7cb0,142312,100078,809847.1728326,5.690645714,365695802.45462304,2569.6765027168,816172.593221534,8.155364748,370462947.397056,3701.7421151208123,12,11859.333333333334,8339.833333333334,67487.264402717,30474650.20455192,68014.382768461,30871912.283088,0,0,281.7777711162405,2880.1683242336026,198.13448011748932,713.1814046061783,241,7976.847417586,101
60,Atlant_Wallet2,ICO Wallets,0x36e6dadc5a045a86dbc9ecfeda5c459784d3537f,45,8,1174.752,26.1056,571806.4475400001,12706.809945333333,4371.123,546.390375,1787128.4215599997,223391.05269500002,13,3.4615384615384617,0.6153846153846154,90.365538462,43985.11134923078,336.240230769,137471.4170430769,0,0,3239594.8571428573,8233298.430040851,701112.9545454546,837402.7384194912,16,3278.875328623,1
61,BitUN.io_1,Exchange,0xaa90b4aae74cee41e004bc45e45a427406c4dcae,186,10479,175942.901,945.929575269,62379170.61555,335371.8850298388,196191.430197741,18.7223428,69514582.71085505,6633.703856365578,13,14.307692307692308,806.0769230769231,13534.069307692,4798397.739657692,15091.648476749,5347275.593142697,0,0,2972.2463256346637,100028.22235233487,116278.84864864864,275104.7251869037,65,19718.363362519,101
62,Atlant_Wallet1,ICO Wallets,0x126d407584cf73ba5d15102bab0e578a64cca3f1,10,6,340.5,34.05,298290.46,29829.046,4470.5015081,745.083584683,2072676.626295095,345446.10438251577,13,0.7692307692307693,0.46153846153846156,26.192307692,22945.420000000002,343.884731392,159436.66356116117,0,0,4526798.6,7169534.78517022,1551074.2222222222,1747137.2863624496,16,4129.996932542,1
63,Copytrack_Wallet,ICO Wallets,0x9df172fc167a8a567c208fc14e3435eb8043e2b7,24,14,12600.2573791,525.010724129,8717385.505535845,363224.39606399357,2038.133706,145.580979,950447.6926631199,67889.12090450857,13,1.8461538461538463,1.0769230769230769,969.250567623,670568.1158104496,156.779515846,73111.36097408614,0,0,859756.6923076923,2213112.582857772,319090.60869565216,442077.65558314003,11,171.603819119,1
64,Bibox,Exchange,0xf73c3c65bde10bf26c2e1763104e609a41702efe,161903,119367,1177410.984917689,7.272323459,651199250.0804768,4022.1567857327173,1207242.539978944,10.11370429,666539266.0130091,5583.949215553801,13,12454.076923076924,9182.076923076924,90570.075762899,50092250.00619052,92864.810767611,51272251.23176993,0,0,262.7844361040833,6692.778496439185,194.1519870044841,738.2679132990559,207,22476.28656003,101
65,Decentraland_Wallet,ICO Wallets,0xfe95e04a628087fcdd5f278e61f148b47471af4a,24,5,10160.638940702,423.359955863,5336946.721190347,222372.78004959787,105.9,21.18,69290.098,13858.019600000001,13,1.8461538461538463,0.38461538461538464,781.587610823,410534.36316848826,8.146153846,5330.007538461538,0,0,5736469.75,6436204.735820709,1116064.8260869565,2318152.5799133214,20,43.931999288,4
66,BitJob_Wallet,ICO Wallets,0x537397e3a68584e05e332d2ba75340e37012f50a,57,7,3291.950549764,57.753518417,2345282.426896788,41145.30573503137,834.77887,119.254124286,388264.4818459,55466.354549414296,14,4.071428571428571,0.5,235.139324983,167520.17334977057,59.627062143,27733.177274707145,0,0,3080203.333333334,5329439.155409494,476707.80357142864,962570.1511067208,19,2833.948225024,1
67,LinkerCoin_Wallet,ICO Wallets,0xf7d58e6720696b8f46dc9270443d8beaeb8d9775,11,3091,8645.195329301,785.926848118,4687194.547449546,426108.595222686,14760.06449382,4.775174537,7499703.0762936035,2426.3031628254976,14,0.7857142857142857,220.78571428571428,617.513952093,334799.61053211044,1054.290320987,535693.0768781145,0,0,3430.7847896440135,36900.16739287905,1431501.0000000002,3054900.085030605,15,6114.845046342,1
68,Credits_MultiSig,ICO Wallets,0x7c27f68b0d5afffb668da3e046adfba6ea1f6bc3,146,17,10448.622,71.56590411,5141223.178260001,35213.857385342446,6955.49,409.146470588,2357347.2610000004,138667.48594117645,14,10.428571428571429,1.2142857142857142,746.330142857,367230.2270185715,496.820714286,168381.94721428576,0,0,1114189.375,1140699.7517261573,222806.20689655162,283565.98364754295,18,580.364525975,1
69,BigONE_2,Exchange,0xa30d8157911ef23c46c0eb71889efe6a648a41f7,51831,2880,604662.82149981,11.666045832,465739842.5687984,8985.73908604499,633208.765826299,219.864154801,509982208.8087987,177077.1558363887,15,3455.4,192.0,40310.854766654,31049322.837919895,42213.917721753,33998813.92058658,0,0,11318.529350468913,115429.31935858226,700.2893305035699,23258.894463451783,279,8761.294943221,101
70,HOQU_Wallet,ICO Wallets,0x8c097a9c954894c8779edef955398d6b8ea7226a,151,20,14435.543956969,95.599628854,11070622.420068253,73315.38026535262,9589.600396764,479.480019838,2022684.96506034,101134.248253017,15,10.066666666666666,1.3333333333333333,962.369597131,738041.4946712168,639.306693118,134845.664337356,0,0,1395363.5789473685,5366353.86683569,204069.55333333343,608635.23806674,16,13947.836312013,1
71,Kucoin,Exchange,0x2b5634c42055806a59e9107ed44d43c426e58258,682758,483626,2641456.697848573,3.868803731,1797181022.9972794,2632.237224606259,2646125.886883393,5.471430169,1810679927.5123243,3743.967296035318,15,45517.2,32241.733333333334,176097.113189905,119812068.19981863,176408.392458893,120711995.16748829,0,0,74.77770793486691,2595.204371612334,53.24170825051961,465.8191333834583,315,5047.223795027,101
72,Monetha_Wallet,ICO Wallets,0x00832a758a781055ac19b5f9bf553db8bb9db32d,48,4,37817.05711,787.855356458,21183944.799081597,441332.1833141999,6.66832736,1.66708184,2019.9699050703998,504.9924762676,16,3.0,0.25,2363.566069375,1323996.5499425998,0.41677046,126.24811906689999,0,0,3611279.0,3442216.149542472,557426.9787234043,790121.0100125689,47,57189.572080357,4
73,Tierion_Wallet2,ICO Wallets,0xad54edbe26782a7c190eabc0b35869b0e66ffcce,24,5,46478.4,1936.6,29979114.009900004,1249129.7504125,51478.138577919,10295.627715584,16991093.072943125,3398218.6145886243,16,1.5,0.3125,2904.9,1873694.6256187502,3217.38366112,1061943.3170589453,0,0,371178.0,451648.6124861524,1438475.304347826,4103081.461110301,33,4999.723457919,1
74,Fake_Phishing74,Phish/Hack,0x54a508ff8da468cbdbe9a68550ec5ef745c08126,4,16,620,155,188430.15,47107.5375,1320.079910158,82.504994385,403124.0670468566,25195.254190428546,16,0.25,1.0,38.75,11776.884375,82.504994385,25195.25419042854,0,0,101172.13333333332,172317.27537343377,2459759.6666666665,2251821.84929655,39,700.076466158,4
75,SparkPool,Mining,0x5a0b54d5dc17e0aadc383d2db43b0a0d3e029c4c,4589168,31,1200301.880038111,0.261551087,592585325.7323722,129.12696282471236,504.030303966,16.259042063,295250.0265503073,9524.194404848624,16,286823.0,1.9375,75018.867502382,37036582.85827326,31.501893998,18453.126659394205,0,0,1048817.4,1051691.4543509095,8.280857942193013,1094.5986392378543,58,5991.34832811,100
76,DMarket_Wallet,ICO Wallets,0x4b60b53a6edcd75f0730ecc22579df2079f210b0,149,4143,20829.5563918,139.795680482,16207329.808266714,108774.02555883706,27399.703780385,6.613493551,8158263.329234888,1969.1680736748408,16,9.3125,258.9375,1301.847274488,1012958.1130166696,1712.481486274,509891.4580771805,0,0,5778.567358763884,134615.08240877558,228555.82432432435,1089485.627450374,31,9273.422568857,100
77,Binance_1,Binance,0x3f5ce5fbfe3e9af3971dd833d26ba9b5c936f0be,1539893,4642263,34038552.260613723,22.104491845,20475488892.37466,13296.695869372184,34404104.995301309,7.41106331,20715014408.46399,4462.2664438590655,16,96243.3125,290141.4375,2127409.516288358,1279718055.7734163,2150256.562206332,1294688400.5289993,0,0,8.642772855129675,366.1064212139535,26.05377714800779,146.50321166525845,519,299076.571853705,101
78,Binance_1,Exchange,0x3f5ce5fbfe3e9af3971dd833d26ba9b5c936f0be,1539893,4642263,34038552.260613723,22.104491845,20475488892.37466,13296.695869372184,34404104.995301309,7.41106331,20715014408.46399,4462.2664438590655,16,96243.3125,290141.4375,2127409.516288358,1279718055.7734163,2150256.562206332,1294688400.5289993,0,0,8.642772855129675,366.1064212139535,26.05377714800779,146.50321166525845,519,299076.571853705,101
79,Coinotron_3,Mining,0x6a7a43be33ba930fe58f34e07d0ad6ba7adb9b1f,128519,17,80890.27861942,0.629403268,35047490.07404047,272.7027916031134,475.14156959,27.949504094,167783.48839088617,9869.616964169769,17,7559.941176470588,1.0,4758.251683495,2061617.0631788513,27.949504094,9869.616964169774,0,0,1335463.8124999998,3655025.944328535,327.03432982150395,2254.016225651992,32,1282.643355708,100
80,Fake_Phishing30,Phish/Hack,0x5ab35e76fad0e983d3f241efef7272b127aaa617,16,3,420.9,26.30625,132460.835,8278.802187499998,921,307,224471.45000000004,74823.81666666667,17,0.9411764705882353,0.17647058823529413,24.758823529,7791.813823529411,54.176470588,13204.202941176472,0,0,1785565.5,2524943.2582219546,556543.0,2052781.3235527552,11,500.092944,4
81,Santiment_Wallet2,ICO Wallets,0x6dd5a9f47cfbc44c04a0a4452f0ba792ebfbcc9a,19,3,15006.142046832,789.796949833,8592615.246773276,452242.90772490925,6.98,2.326666667,2348.2096,782.7365333333332,17,1.1176470588235294,0.17647058823529413,882.714238049,505447.9556925457,0.410588235,138.12997647058825,0,0,6076216.5,8591531.946286442,929925.4444444445,940421.0758272827,37,30005.741231936,4
82,Compromised_Coindash,Compromised,0x6a164122d5cf7c840d26e829b46dcc4ed6c0ae48,3,2135,30488,10162.666666667,20212820.8,6737606.933333333,43479.456231114,20.365084886,8261648.337468711,3869.6245140368437,17,0.17647058823529413,125.58823529411765,1793.411764706,1188989.4588235295,2557.615072418,485979.3139687477,0,0,450.0721649484534,19787.997997584498,7048059.5,9250701.130349228,36,13000.454488114,1
83,Compromised_Coindash,ICO Wallets,0x6a164122d5cf7c840d26e829b46dcc4ed6c0ae48,3,2135,30488,10162.666666667,20212820.8,6737606.933333333,43479.456231114,20.365084886,8261648.337468711,3869.6245140368437,17,0.17647058823529413,125.58823529411765,1793.411764706,1188989.4588235295,2557.615072418,485979.3139687477,0,0,450.0721649484534,19787.997997584498,7048059.5,9250701.130349228,36,13000.454488114,1
84,MultisigExploit-Hacker,Heist,0xb3764761e297d6f121e79c32a65829cd1ddb4d32,8,18,70020,8752.5,13612588.2,1701573.525,0.085050371,0.004725021,19.23847540792,1.0688041893288889,17,0.47058823529411764,1.0588235294117647,4118.823529412,800740.4823529412,0.005002963,1.1316750239952942,0,0,1730062.1176470588,3797436.3964424552,10876.000000000002,28575.45603602271,41,83017.074222098,4
85,Cryptopia,Exchange,0x5baeac0a0417a05733884852aa068b706967e790,283683,206679,461930.666217828,1.628333972,306217726.8826668,1079.4362964388529,489521.030418119,2.368508801,319770976.2448673,1547.1865852110463,18,15760.166666666666,11482.166666666666,25662.814789879,17012095.937925935,27195.612801007,17765054.235825963,0,0,213.49788559982196,11659.366473325239,155.31159537792314,640.1175316975593,120,19520.147062241,101
86,Okex_2,Exchange,0x236f9f97e0e62388479bf9e5ba4889e46b0273c3,504749,203126,4257156.713966614,8.434205346,2217539941.5417733,4393.3518274277385,4383789.274189243,21.581625563,2271069525.8868895,11180.59493066837,18,28041.61111111111,11284.777777777777,236508.706331479,123196663.41898741,243543.848566069,126170529.2159383,0,0,158.69114092307692,10189.709524591271,90.46742136670163,1183.5101587052898,296,1234.249019534,101
87,Huobi_6,Exchange,0xdc76cd25977e0a5ae17155770273ad58648900d3,31,106,446003.26,14387.201935484,150553333.58580002,4856559.147929031,1296863.940380988,12234.565475292,545872208.8725629,5149737.819552481,19,1.631578947368421,5.578947368421052,23473.855789474,7923859.6624105275,68255.996862157,28730116.25645068,0,0,435371.0857142856,1341960.1662946697,1167667.4666666668,3149881.811676123,61,850860.638847655,1
88,Huobi_7,Exchange,0xadb2b42f6bd96f5c65920b9ac88619dce4166f94,8142,2419,101214.7451,12.431189523,29556520.07700314,3630.1301986002013,107410.656180041,44.402916982,32163575.353158016,13296.227926067799,19,428.5263157894737,127.3157894736842,5327.091847368,1555606.3198422706,5653.192430528,1692819.7554293692,0,0,18431.56534325889,344522.205902182,5620.761454366784,81337.98807362672,222,34.539001161,101
89,BasicAttentionToken_Wallet,Basic Attention Token,0x44fcfabfbe32024a01b778c025d70498382cced0,8,5,75565.965,9445.745625,43115834.0618,5389479.257725,34346.25,6869.25,18598305.53,3719661.1060000006,19,0.42105263157894735,0.2631578947368421,3977.156052632,2269254.4243052634,1807.697368421,978858.1857894737,0,0,8053658.0,6901480.112366332,5081273.571428572,5366077.230112883,41,16343.996881831,1
90,BasicAttentionToken_Wallet,ICO Wallets,0x44fcfabfbe32024a01b778c025d70498382cced0,8,5,75565.965,9445.745625,43115834.0618,5389479.257725,34346.25,6869.25,18598305.53,3719661.1060000006,19,0.42105263157894735,0.2631578947368421,3977.156052632,2269254.4243052634,1807.697368421,978858.1857894737,0,0,8053658.0,6901480.112366332,5081273.571428572,5366077.230112883,41,16343.996881831,1
91,Huobi_4,Exchange,0xeee28d484628d41a82d01e21d12e2e78d69920da,53893,12809,1767690.47107525,32.800001319,495967783.1644708,9202.823802061006,1859037.515996922,145.135257709,519213223.1195295,40535.031861935364,19,2836.4736842105262,674.1578947368421,93036.340582908,26103567.534972146,97844.079789312,27327011.74313313,0,0,3342.9288725796373,98345.97843011958,848.5321197951455,22128.860781730174,225,279.975975298,101
92,Huobi_9,Exchange,0x1062a747393198f70f71ec65a582423dba7e5ab3,3909,1974,41965.969,10.73573011,12622832.3783,3229.1717519314398,42151.995633922,21.353594546,12567648.856582182,6366.59009958571,19,205.73684210526315,103.89473684210526,2208.735210526,664359.5988578948,2218.526085996,661455.2029780096,0,0,22581.909782057777,382395.2738616114,11690.055527123846,159279.79919186787,215,39.602766588,100
93,Huobi_3,Exchange,0xfdb16996831753d5331ff813c29a93c76834a0ad,5403,2351,57379.205,10.619878771,18196695.0212,3367.887288765501,57565.044591876,24.485344361,18812453.855077498,8001.894451330277,19,284.36842105263156,123.73684210526316,3019.958157895,957720.7905894738,3029.739189046,990129.1502672367,0,0,19114.783829787233,294459.21979392454,8474.075527582374,92568.64075446737,211,36.926326664,101
94,WaterholePool,Mining,0x9435d50503aee35c8757ae4933f7a0ab56597805,128409,223,82356.095658768,0.641357659,31161092.614339393,242.67062755989875,946.744387555,4.245490527,485650.64474386687,2177.805581811062,22,5836.772727272727,10.136363636363637,3743.45889358,1416413.3006517906,43.033835798,22075.029306539403,0,0,188283.8963963964,529596.2791082184,418.31805650738227,4837.172194754744,27,1107.887205267,100
95,Santiment_Wallet1,ICO Wallets,0xe76fe52a251c8f3a5dcd657e47a6c8d16fdf4bfa,100,8,11269.745841862,112.697458419,679574.01915927,6795.740191592705,66.53,8.31625,17376.3991,2172.0498875,22,4.545454545454546,0.36363636363636365,512.26117463,30889.72814360318,3.024090909,789.8363227272727,0,0,7036668.0,13184017.975966861,559652.4848484846,699701.0374338655,32,789.323648245,4
96,Humaniq_Wallet,ICO Wallets,0xa2c9a7578e2172f32a36c5c0e49d64776f9e7883,74,2419,47215.319393909,638.044856674,8889678.065666027,120130.78467116249,44495.529623328,18.394183391,2031100.2183299134,839.6445714468435,24,3.0833333333333335,100.79166666666667,1967.304974746,370403.25273608445,1853.980400972,84629.17576374639,0,0,4932.672043010753,180630.6907504052,677011.5890410962,2381320.6308831777,21,400.610254457,6
97,Liqui.io_1,Exchange,0x8271b2e8cbe29396e9563229030c89679b9470db,139001,195808,1727541.12012386,12.42826397,726557983.4401418,5226.998247783444,1763299.738918003,9.005248707,730771042.8522892,3732.079602734688,26,5346.192307692308,7531.076923076923,66443.889235533,27944537.82462084,67819.220727616,28106578.571241893,0,0,336.4480891898656,3045.715444168628,474.29743884892,3628.506017401777,64,12563.884062449,101
98,SingularDTV_Wallet,ICO Wallets,0xc78310231aa53bd3d0fea2f8c705c67730929d8f,8,349,10000.91,1250.11375,120610.6652,15076.333149999999,3233.654836851,9.265486639,683154.3382094685,1957.4622871331471,27,0.2962962962962963,12.925925925925926,370.404074074,4467.061674074074,119.764993957,25302.012526276612,0,0,171528.8994252874,2405050.0844055694,532427.7142857143,1406383.3864990626,56,204363.187415521,1
99,Kraken_3,Exchange,0xe853c56864a2ebe4576a807d26fdc4a0ada51919,78,71,8070298.30686994,103465.362908589,1576075300.6378086,20206093.597920623,0.14891033,0.002097329,59.00104938690001,0.8310006955901408,29,2.689655172413793,2.4482758620689653,278286.148512757,54347424.15992443,0.005134839,2.0345189443758622,0,0,783671.3142857143,3064791.0249424814,921086.3246753247,2557100.0956474547,78,801052.798959725,1
100,CoinExchange.io,Exchange,0x4b01721f0244e7c5b5f63c20942850e447f5a5ee,344182,132596,233295.913862957,0.677827178,125073229.93996404,363.39271065873425,238797.179608649,1.800938034,125698031.66421457,947.9775533516594,29,11868.344827586207,4572.275862068966,8044.68668493,4312869.997929795,8234.385503747,4334414.884972916,0,0,547.6294581243634,20316.274963051284,210.9809141120517,11439.296392777123,278,931.285963325,101
101,Kraken_4,Exchange,0x267be1c1d684f78cb4f6a176c4911b741e4ffdc0,995229,123,42618093.370548187,42.822399036,8861368283.192389,8903.848544598708,7933942.784530771,64503.599874234,1528122319.10362,12423758.691899344,29,34318.24137931035,4.241379310344827,1469589.426570627,305564423.55835825,273584.233949337,52693873.07253862,0,0,595535.1639344261,870154.2243103117,73.28809378353506,425.0457508214844,229,342896.613519365,101
102,Gemini_1,Exchange,0xd24400ae8bfebb18ca49be86258a3c749cf46853,483407,4279,20752153.504823669,42.928947046,7993484476.195679,16535.72347151686,1464812.967185663,342.326003081,18607188.244229216,4348.489891149619,31,15593.774193548386,138.03225806451613,669424.306607215,257854337.9417961,47252.031199538,600231.8788461038,0,0,17677.655446470322,272652.1056280022,164.5852637327628,1675.863081132292,124,38851.810749287,101
103,Gemini_1,Fiat Gateway,0xd24400ae8bfebb18ca49be86258a3c749cf46853,483407,4279,20752153.504823669,42.928947046,7993484476.195679,16535.72347151686,1464812.967185663,342.326003081,18607188.244229216,4348.489891149619,31,15593.774193548386,138.03225806451613,669424.306607215,257854337.9417961,47252.031199538,600231.8788461038,0,0,17677.655446470322,272652.1056280022,164.5852637327628,1675.863081132292,124,38851.810749287,101
104,GatecoinHack_4,Heist,0x04786aada9deea2150deab7b3b8911c309f5ed90,12,15,21601,1800.083333333,339721.58,28310.131666666675,58858.52257155,3923.90150477,564860.7417877421,37657.38278584947,31,0.3870967741935484,0.4838709677419355,696.806451613,10958.76064516129,1898.662018437,18221.31425121749,0,0,4621759.785714286,15109530.447101053,2561853.8181818174,7338413.944563714,29,37257.517492309,1
105,Freewallet,Wallet App,0x7ed1e469fcb3ee19c0366d829e291451be638e59,306705,603061,1437424.398255597,4.686667639,364329634.1271403,1187.882930265724,1459809.376253729,2.420666195,374269563.8705277,620.6164283057714,33,9294.09090909091,18274.575757575756,43558.315098654,11040291.943246676,44236.647765265,11341501.935470536,0,0,138.8848323549896,2032.361635707784,273.0694774114456,1125.187081314756,620,473.61424084,101
106,Ethermine,Mining,0xea674fdde714fd979de3edf0f56aa9716b898ec8,15678630,359,4634177.920104296,0.295572886,1335739668.9709113,85.19492257747727,92321.741970097,257.163626658,62825154.20196641,175000.42953193988,33,475110.0,10.878787878787879,140429.633942554,40476959.66578519,2797.628544548,1903792.5515747399,0,0,222955.57262569826,715767.0954801567,5.319710033319879,39.07858383806957,80,834.394598387,101
107,MiningPoolHub_1,Mining,0xb2930b35844a230f00e51431acae96fe543a0347,1582807,7798,1726065.339631819,1.090509038,559099490.0174567,353.23288942834824,433550.359235149,55.597635193,38714522.44395079,4964.673306482531,33,47963.84848484849,236.3030303030303,52305.010291873,16942408.788407777,13137.889673792,1173167.3467863875,0,0,10741.798768757213,13899.838880946552,52.91471475341888,240.5612186185421,81,17996.146859943,101
108,Suprnova_2,Mining,0x63a9975ba31b0b9626b34300f7f627147df1f526,272369,56,311171.25462329,1.142462081,1086351.2985406034,3.9885276905249527,15638.38646267,279.256901119,14794.681222522891,264.1907361164803,38,7167.605263157895,1.4736842105263157,8188.717226929,28588.192066857984,411.53648586,389.33371638218136,0,0,156703.29090909092,670807.6413976157,92.7670761616637,1533.7966937793333,10,332.567136223,100
109,DwarfPool_1,Mining,0x2a65aca4d5fc5b5c859090a6c34d164135398226,3713483,28,4397286.82471517,1.184140825,229450060.1287739,61.78836960578219,6031.90476593,215.425170212,841629.3368585102,30058.190602089646,39,95217.51282051283,0.717948717948718,112750.944223466,5883334.875096766,154.664224767,21580.239406628465,0,0,3225466.3333333335,3814541.2123632305,26.75253899170645,456.9523869810221,53,389.469176235,100
110,Ethpool_2,Mining,0x4bb96091ee9d802ed039c4d1a5f6216f90f81b01,282066,29,1343834.80451828,4.764256608,91038807.85882197,322.7571130828193,30.166603926,1.040227722,1095.170506789632,37.764500234125244,39,7232.461538461538,0.7435897435897436,34457.302679956,2334328.4066364607,0.773502665,28.081295045888,0,0,3261389.3928571427,4797708.27815489,351.0996543349934,649.2784577443045,26,167.152054963,100
111,Nanopool,Mining,0x52bc44d5378309ee2abf1539bf71de1b7d7be3b5,9785688,368,3291571.27333116,0.336365851,685087934.8791031,70.00917409986953,516.930397742,1.404702168,19301.683125499538,52.45022588450962,40,244642.2,9.2,82289.281833279,17127198.371977575,12.923259944,482.54207813748843,0,0,277029.11444141687,523923.0180097354,10.423863751211332,383.73377264653965,82,8399.08849495,100
112,Mercatox,Exchange,0xe03c23519e18d64f144d2800e30e81b0065c48b5,120437,1935,167065.03540037,1.387157065,67530631.6677987,560.7133328445377,161350.93264914,83.385494909,62269942.84433751,32180.849015161424,15,8029.133333333333,129.0,11137.669026691,4502042.11118658,10756.728843276,4151329.522955834,1,88503,19490.47673216132,34136.269252183294,312.89087150021606,1645.832358182667,397,356.500781094,7
113,Substratum_TokenSale,ICO Wallets,0xaf518d65f84e4695a4da0450ec02c1248f56b668,108,6479,19963.143944747,184.843925414,7439800.581130833,68887.04241787798,28931.543651067,4.465433501,8866503.044730505,1368.4986949730774,17,6.352941176470588,381.11764705882354,1174.302584985,437635.32830181374,1701.855508886,521559.0026312062,1,1870,3648.4969126273545,201842.39592200518,353652.81308411225,632988.766470833,34,8979.517601995,7
114,Substratum_TokenSale,Token Sale,0xaf518d65f84e4695a4da0450ec02c1248f56b668,108,6479,19963.143944747,184.843925414,7439800.581130833,68887.04241787798,28931.543651067,4.465433501,8866503.044730505,1368.4986949730774,17,6.352941176470588,381.11764705882354,1174.302584985,437635.32830181374,1701.855508886,521559.0026312062,1,1870,3648.4969126273545,201842.39592200518,353652.81308411225,632988.766470833,34,8979.517601995,7
115,ShapeShift,Exchange,0x70faa28a6b8d6829a4b1e649d26ec9a2a39ba413,289876,1928329,8693112.119352763,29.989071601,1980320048.875299,6831.610926310918,6935185.770607893,3.596474342,2020337639.064516,1047.7141810680205,26,11149.076923076924,74166.5,334350.466128952,76166155.72597304,266737.91425415,77705293.81017369,1,3084,33.78711712945101,1540.6204301243692,224.74211297973272,763.202210743023,55,4953.863182207,101
116,Kraken_1,Exchange,0x2910543af39aba0cd09dbb2d50200b3e800a63d2,43227,9874,25365077.021499806,586.787818296,175794869.6937575,4066.783947388371,26386022.224908284,2672.272860534,171068754.43366304,17325.172618357687,40,1080.675,246.85,634126.925537495,4394871.742343938,659650.555622707,4276718.860841576,1,1665,9153.890205611266,262905.4658609631,1019.2970203118484,61771.36729103724,38,25611.095099433,101
117,Poloniex_1,Exchange,0x32be343b94f860124dc4fee278fdcbd38c102d88,1252250,1084444,127384063.64849984,101.724147453,8922014374.908138,7124.786883534982,54320717.212123593,50.090845827,383382141.68501556,353.5287591475455,40,31306.25,27111.1,3184601.591212496,223050359.37270346,1358017.93030309,9584553.542125389,1,57806,94.51625673271904,9594.598016840517,82.22605727774584,356.07377042438975,298,42551.52786414,101
118,Poloniex_1,Poloniex,0x32be343b94f860124dc4fee278fdcbd38c102d88,1252250,1084444,127384063.64849984,101.724147453,8922014374.908138,7124.786883534982,54320717.212123593,50.090845827,383382141.68501556,353.5287591475455,40,31306.25,27111.1,3184601.591212496,223050359.37270346,1358017.93030309,9584553.542125389,1,57806,94.51625673271904,9594.598016840517,82.22605727774584,356.07377042438975,298,42551.52786414,101
119,DATx_Wallet,ICO Wallets,0xf5c8b99c64a5584a911d3aae4873b3581d48586e,8,5,47000,5875,31676920.0,3959614.9999999995,1.714139,0.3428278,1640.3518525299999,328.070370506,10,0.8,0.5,4700,3167692.0,0.1714139,164.03518525299998,2,5,522728.75,300739.7705507482,1369861.142857143,1765862.8672331297,13,3001.441331594,4
120,Coindelta,Exchange,0xb6ba1931e4e74fd080587688f6db10e830f810d5,26426,16137,14487.23238727,0.54821889,10890840.22025266,412.1259449123109,14706.409047714,0.911347155,10696464.106521467,662.8533250617323,16,1651.625,1008.5625,905.452024204,680677.5137657912,919.150565482,668529.0066575917,2,14388,2337.582176499752,12641.895221902121,1428.057483443708,7266.089875568545,80,109.631746828,7
121,Yunbi_1,Exchange,0xd94c9ff168dc6aebf9b6cc86deff54f3fb0afc33,260313,683,10430444.938743971,40.068859176,1250518095.1869566,4803.901822755464,10541659.105013208,15434.347152289,1254241467.6045651,1836371.109230697,34,7656.264705882353,20.08823529411765,306777.792315999,36779943.97608696,310048.797206271,36889454.929546036,11,179574,119735.3225806452,683275.4349584858,326.44933387627145,6107.625920615606,93,871.344522953,7
122,Bittrex_1,Exchange,0xfbb1b73c4f0bda4f67dca266ce6ef42f520fbb98,5488707,235407,25691539.593409785,4.680799976,9921043401.635025,1807.537440354093,3010143.011600555,12.786973249,20315340.132004518,86.29879371473486,40,137217.675,5885.175,642288.489835245,248026085.0408756,75253.575290014,507883.50330011296,13,1326134,434.1581990263628,26845.844342668348,18.729695669616817,406.72853114471644,503,977374.381627778,7
123,F2Pool_2,Mining,0x829bd824b016326a401d083b33d092293333a830,5984353,4050,1875938.077130069,0.313473834,940635044.9079655,157.182413020736,6612.898084378,1.632814342,2328316.8002236127,574.893037092283,18,332464.05555555556,225.0,104218.782062782,52257502.49488697,367.38322691,129350.93334575626,43,639507,10176.631513954064,127707.24032423252,7.319251608194176,700.5829074671923,81,8173.811332223,7
124,Yunbi_2,Exchange,0x42da8a05cb7ed9a43572b5ba1b8f82a0a6e263dc,378,11,10997397.6949,29093.644695503,1259511573.3119829,3332041.1992380484,18413.314948173,1673.937722561,1854721.2465957205,168611.0224177928,34,11.117647058823529,0.3235294117647059,323452.873379412,37044458.038587734,541.568086711,54550.624899874136,105582,143586,6104203.100000001,9894380.42981472,216582.2095490715,1157030.1691743815,41,447.974371944,7
125,F2Pool_1,Mining,0x61c808d82a3ac53231750dadc13c777b59310bd9,412515,152,1578059.442718261,3.825459541,149028589.47979528,361.2682920131455,188939.386957762,1243.022282617,92595470.6011145,609180.7276389119,32,12891.09375,4.75,49314.357584946,4657143.421243602,5904.35584243,2893608.456284828,180,581218,528643.2185430464,1125617.3279014372,198.06669349403896,15956.223920411656,52,887.356769122,7
