,address,Entity
0,0x8ab7404063ec4dbcfd4598215992dc3f8ec853d7,DeFi
1,0x1c74cff0376fb4031cd7492cd6db2d66c3f2c6b9,DeFi
2,0x06af07097c9eeb7fd685c692751d5c66db49c215,DeFi
3,0xc00e94cb662c3520282e6f5717214004a7f26888,DeFi
4,0xb3319f5d18bc0d84dd1b4825dcde5d5f7266d407,DeFi
5,0x158079ee67fce2f58472a96584a73c7ab9ac95c1,DeFi
6,0x6c8c6b02e7b2be14d4fa6022dfd6d75921d90e4e,DeFi
7,0x5d3a536e4d6dbd6114cc1ead35777bab948e3643,DeFi
8,0x4ddc2d193948926d02f9b1fe9e1daa0718270ed5,DeFi
9,0xf5dce57282a584d2746faf1593d3121fcac444dc,DeFi
10,0x39aa39c021dfbae8fac545936693ac917d5e7563,DeFi
11,0xf650c3d88d12db855b8bf7d11be6c55a4e07dcc9,DeFi
12,0xc11b1268c1a384e55c48c2391d8d480264a3a7f4,DeFi
13,0x6b175474e89094c44da98b954eedeac495271d0f,DeFi
14,0x9b869c2eaae08136c43d824ea75a2f376f1aa983,DeFi
15,0x431ad2ff6a9c365805ebad47ee021148d6f7dbe0,DeFi
16,0x59459a7fdf11a341bb14413cca51850f072901cc,DeFi
17,0x80fb784b7ed66730e8b1dbd9820afd29931aab03,DeFi
18,0x493c57c4763932315a328269e1adad09653b9081,DeFi
19,0x77f973fcaf871459aa58cd81881ce453759281bc,DeFi
20,0x1cc9567ea2eb740824a45f8026ccf8e46973234d,DeFi
21,0x1d496da96caf6b518b133736beca85d5c4f9cbc5,DeFi
22,0xbd56e9477fc6997609cf45f84795efbdac642ff1,DeFi
23,0x14094949152eddbfcd073717200da82fed8dc960,DeFi
24,0x49f4592e641820e928f9919ef4abd92a719b4b49,DeFi
25,0xf013406a0b1d544238083df0b93ad0d2cbe0f65f,DeFi
26,0xba9262578efef8b3aff7f60cd629d6cc8859c8b5,DeFi
27,0xa7eb2bc82df18013ecc2a6c533fc29446442edee,DeFi
28,0x16de59092dae5ccf4a1e6439d611fd0653f0bd01,DeFi
29,0xf61718057901f84c4eec4339ef8f0d86d2b45600,DeFi
30,0x73a052500105205d34daf004eab301916da8190f,DeFi
31,0xd6ad7a6750a7593e092a9b218d66c0a814a3436e,DeFi
32,0x83f798e925bcd4017eb265844fddabb448f1707d,DeFi
33,0x9f8f72aa9304c8b593d555f12ef6589cc3a579a2,DeFi
34,0x04abeda201850ac0124161f037efd70c74ddc74c,DeFi
35,0xf53ad2c6851052a81b42133467480961b2321c09,DeFi
36,0xea8b224edd3e342deb514c4176c2e72bcce6fff9,DeFi
37,0x89d24a6b4ccb1b6faa2625fe562bdd9a23260359,DeFi
38,0x88c64a7d2ecc882d558dd16abc1537515a78bb7d,DeFi
39,0x8a8079c7149b8a1611e5c5d978dca3be16545f83,DeFi
40,0xf6e9b246319ea30e8c2fa2d1540aaebf6f9e1b89,DeFi
41,0xafd870f32ce54efdbf677466b612bf8ad164454b,DeFi
42,0xd6014ea05bde904448b743833ddf07c3c7837481,DeFi
43,0x336213e1ddfc69f4701fc3f86f4ef4a160c1159d,DeFi
44,0xcb98f42221b2c251a4e74a1609722ee09f0cc08e,DeFi
45,0x14d10003807ac60d07bb0ba82caeac8d2087c157,DeFi
46,0xf4eebdd0704021ef2a6bbe993fdf93030cd784b4,DeFi
47,0xd50c1746d835d2770dda3703b69187bffeb14126,DeFi
48,0xa9859874e1743a32409f75bb11549892138bba1e,DeFi
49,0x2d7ac061fc3db53c39fe1607fb8cec1b2c162b01,DeFi
50,0x79da1431150c9b82d2e5dfc1c68b33216846851e,DeFi
51,0xc5807183a9661a533cb08cbc297594a0b864dc12,DeFi
52,0x4adf728e2df4945082cdd6053869f51278fae196,DeFi
53,0x27269b3e45a4d3e79a3d6bfee0c8fb13d0d711a6,DeFi
54,0x8deef89058090ac5655a99eeb451a4f9183d1678,DeFi
55,0xe36e2d3c7c34281fa3bc737950a68571736880a1,DeFi
56,0xf48e200eaf9906362bb1442fca31e0835773b8b4,DeFi
57,0x36a2422a863d5b950882190ff5433e513413343a,DeFi
58,0x617aecb6137b5108d1e7d4918e3725c8cebdb848,DeFi
59,0xfe18be6b3bd88a2d2a7f928d00292e7a9963cfc6,DeFi
60,0xeabacd844a196d7faf3ce596edebf9900341b420,DeFi
61,0x0f83287ff768d1c1e17a42f44d644d7f22e8ee1d,DeFi
62,0xfe33ae95a9f0da8a845af33516edc240dcd711d6,DeFi
63,0xe1afe1fd76fd88f78cbf599ea1846231b8ba3b6b,DeFi
64,0x88c8cf3a212c0369698d13fe98fcb76620389841,DeFi
65,0x22602469d704bffb0936c7a7cfcd18f7aa269375,DeFi
66,0x5e74c9036fb86bd7ecdcb084a0673efc32ea31cb,DeFi
67,0xd71ecff9342a5ced620049e616c5035f1db98620,DeFi
68,0x23348160d7f5aca21195df2b70f28fce2b0be9fc,DeFi
69,0x97fe22e7341a0cd8db6f6c021a24dc8f4dad855f,DeFi
70,0xf6b1c627e95bfc3c1b4c9b825a032ff0fbf3e07d,DeFi
71,0xbbc455cb4f1b9e4bfc4b73970d360c8f032efee6,DeFi
72,0xc14103c2141e842e228fbac594579e798616ce7a,DeFi
73,0x757de3ac6b830a931ef178c6634c5c551773155c,DeFi
74,0xf2e08356588ec5cd9e437552da87c0076b4970b0,DeFi
75,0x57ab1ec28d129707052df4df418d58a2d46d5f51,DeFi
76,0x6a22e5e94388464181578aa7a6b869e00fe27846,DeFi
77,0x261efcdd24cea98652b9700800a13dfbca4103ff,DeFi
78,0x5299d6f7472dcc137d7f3c4bcfbbb514babf341a,DeFi
79,0xa2b0fde6d710e201d0d608e924a484d1a5fed57c,DeFi
80,0x2e59005c5c0f0a4d77cca82653d48b46322ee5cd,DeFi
81,0xc011a73ee8576fb46f5e1c5751ca3b9fe0af2a6f,DeFi
82,0x0ba45a8b5d5575935b8158a88c631e9f9c95a2e5,DeFi
83,0x1fcdce58959f536621d76f5b7ffb955baa5a672f,DeFi
84,0x9d25057e62939d3408406975ad75ffe834da4cdd,DeFi
85,0x36324b8168f960a12a8fd01406c9c78143d41380,DeFi
86,0xa2609b2b43ac0f5ebe27deb944d2a399c201e3da,DeFi
87,0xa1787206d5b1be0f432c4c4f96dc4d1257a1dd14,DeFi
88,0xfe1a6056ee03235f30f7a48407a5673bbf25ed48,DeFi
89,0x3dfd23a6c5e8bbcfc9581d2e864a68feb6a076d3,DeFi
90,0x8ec66b554c0e9b7d048b79d984dae34677de538a,DeFi
91,0x8b62c02091fe06ae3454d3c12921b32611ba5501,DeFi
92,0xf2cc20a324bdfa02b38ab8b0ea18566c160c11ef,DeFi
93,0x077e6eec6abdf8dccf7e3a4235f9b479489c6af9,DeFi
94,0x30f0bb7556159b0e812de4af7023dacfdd4f7110,DeFi
95,0x8052cccc713cc9883afb1a9d863fe165e08dff01,DeFi
96,0x2732e2a7bfaa8e5a21c07f4f1c167bbfbf7a2ac1,DeFi
97,0x0db084f8ba9bc1176fd9b43e664072ad660bc61a,DeFi
98,0x1b846e9159104430775e1852ec7ac6a1b4760783,DeFi
99,0x1f916d0766c7f20b1a51086724f55ccfd07d2f3c,DeFi
100,0x276a6c276244cdaea93fc69c1c45c3978be10f24,DeFi
101,0x2c388fd310768910adbb1221e5e0d643458a6360,DeFi
102,0x386f6f20bc8f3ff753fe6b731fd93ff8a0ba18e4,DeFi
103,0x3c4962d0236f651da8a6f55fa0cad04222ec62c9,DeFi
104,0x5b73f9fd3e40a31063684fe92130c62f7acf6982,DeFi
105,0x83899e5c4dd660be20d51469fca5f90f2606df3a,DeFi
106,0x981318ff8ea3322a0773a96111b8ec4669a3372e,DeFi
107,0xb022b5589538fb27c43f5841a66f74732e69fbda,DeFi
108,0xdf9177fa700052e2ca52432354bedf22ffbcfa01,DeFi
109,0xf792d584de1fa502e82342259f50d5d5c4485491,DeFi
110,0x35fb8bc15d22de3e66e39cbd53a6f812fc255057,DeFi
111,0x5e53247b147d57faf9825dabe6e06ae90bd70ba9,DeFi
112,0x02b4958be94033c98314db1aa2f031da60e4498e,DeFi
113,0xed61843327567cc91dd2b5d7f40e26d518b15b41,DeFi
114,0xf92e2561bb3f9d8e191c439d4df4610633303d88,DeFi
115,0x987f3db2eec36224ba3f2d907fd93ec8aa208ac3,DeFi
116,0xab42b0d4638ee1bf4eb4b369cd2d196dd7f8f2c3,DeFi
117,0xf0f87c88fa206777e2ad191b7bf7c52ea9e53c9b,DeFi
118,0xa0848938068acb263b47f0c44f7d2f9f39895984,DeFi
119,0x45230f5adc0ee8cd4628d716ddaf92487150f5b2,DeFi
120,0x1ef91a36525ca8ec353c6f436399d2f4cadc045e,DeFi
121,0x40d0e7c3b26ad790f52202d7063fd2c7e6758237,DeFi
122,0x8978d7c733c21d9306d941b53a18fbc36919e010,DeFi
123,0xad37fd42185ba63009177058208dd1be4b136e6b,DeFi
124,0x581ae5af7afa6f8171bbf40d1981779f168a9523,DeFi
125,0xd0e355402eb6ac07b764b2404fd5ab6a4042c793,DeFi
126,0x3779d960261f882750b39c622527822c88c98e13,DeFi
127,0x78f2c2af65126834c51822f56be0d7469d7a523e,DeFi
128,0x5bca0f6cd5f9a74895d66005acef969342f301a0,DeFi
129,0xfd14431285a570adc839c73cc973542e0ffee56f,DeFi
130,0x3fda67f7583380e67ef93072294a7fac882fd7e7,DeFi
131,0x3d9819210a31b4961b30ef54be2aed79b9c9cd3b,DeFi
132,0xf859a1ad94bcf445a406b892ef0d3082f4174088,DeFi
133,0xa7ff0d561cd15ed525e31bbe0af3fe34ac2059f6,DeFi
134,0x1449e0687810bddd356ae6dd87789244a46d9adb,DeFi
135,0xcec237e83a080f3225ab1562605ee6dedf5644cc,DeFi
136,0xfe83af639f769ead20bad76067abc120245a06a9,DeFi
137,0xc0da01a04c3f3e0be433606045bb7017a7323e38,DeFi
138,0x1055be4bf7338c7606d9efdcf80593f180ba043e,DeFi
139,0x02557a5e05defeffd4cae6d83ea3d173b272c904,DeFi
140,0x9e77ad51e5c0825d6e440f49e49ef1a1bca37b5d,DeFi
141,0xe7664229833ae4abf4e269b8f23a86b657e2338d,DeFi
142,0xddc46a3b076aec7ab3fc37420a8edd2959764ec4,DeFi
143,0xd25c029a607ee888bdbdbe054515e25ec6f3fff9,DeFi
144,0x0a97f822272519d5296e21de278a86cd3ce3c96a,DeFi
145,0x16c2a19edbc68780dfc03708bc9021ef34db2e33,DeFi
146,0xcdaf8cb1839952cbe6d98d248e593b782a2419c7,DeFi
147,0xd928c8ead620bb316d2cefe3caf81dc2dec6ff63,DeFi
148,0x8ac03df808efae9397a9d95888230ee022b997f4,DeFi
149,0x880ad65dc5b3f33123382416351eef98b4aad7f1,DeFi
150,0x594e15580468d21d447299f2033bd203036475fa,DeFi
151,0x8e8f05f1ad16d20e66bd0922b510332104ddac7b,DeFi
152,0xf07d4967ae1f600144b25f40f655f61de2a9c0ad,DeFi
153,0xaa74b0f33cab1b291980532bc5e0057e10adb2a3,DeFi
154,0x0f1e33a36fa6a33ea01460f04c6d8f1fac2186e3,DeFi
155,0x12f8551a516085e4cef5e2451d54ede7d24983cc,DeFi
156,0x1d7aec4654fd4d0fd0ade624bebb6e874d2068d1,DeFi
157,0x33b71f9b6a91f9aac88703f722ccecff32bee741,DeFi
158,0x76954813fe1dbc684fa5fd54269dc732219a0813,DeFi
159,0x7ca5a868ef08d97dc2ad5d9addafef10125d1a37,DeFi
160,0xbd01993b7ec5b2ac262e27bf5dee4d37c53800e6,DeFi
161,0xff9affcdd4a6985a408352a06e82a6c728740845,DeFi
162,0xfc5edfd9329df2fd221b2bbafa41caa6b18783c6,DeFi
163,0x3d4a93f2263ca35d9691e1e1b2ceb37dde54af77,DeFi
164,0xae61b0d0a562e5c1daf9c1ded4a8fd6a770b639a,DeFi
165,0xe7326dc7d136c6df7a4056679a82abd144631043,DeFi
166,0xea7827e66bd41aa0f57557ce3516644dbfb11eaf,DeFi
167,0xa581dc3c1f96b694265f26b979a7a956b1538137,DeFi
168,0xf3fddc6e077c0576c03d47932472aa90ad063ab1,DeFi
169,0x2f59bf2779c9ab965ca6bf63f5eb1504c5b36d38,DeFi
170,0x37012fbb2bd317e60a9b1b78eb032e1cbc681990,DeFi
171,0x6ddc0b1e1f2a3c7195d61542ad7cddf0f17d760d,DeFi
172,0xba6a725bae83d8879610d1e957253e195d6e4b71,DeFi
173,0xec5c68263ad1b0a48f476660f53900ca2117c0d4,DeFi
174,0x1bee615efe1e17e36a064a47c375b10ed2af5ef1,DeFi
175,0x4bc63da2b17a70407d944e09c55925fa7f88a89e,DeFi
176,0xdc3c0ab9dec903668bc63cd24e0c6cf4ce4683c6,DeFi
177,0xec43ea5b98fe3952252e968fd4b66a177302648a,DeFi
178,0x06abac6fe0e49e57763aaa79c0d79e3e42c1894f,DeFi
179,0x92ec5a03fac2e482292ecdd9642a7bf86d6658c3,DeFi
180,0xf8a122d8603353aa478690a3e9abb4f920c9617e,DeFi
181,0xfd7f89640fe62a4353cfc7521509fc5c4276f2a5,DeFi
182,0x203ff0b107fc842ed0fe6680c33e5f0930523af8,DeFi
183,0x49f9b47af73c0e73ffd9fe0057e3fcb6e3ec4119,DeFi
184,0xb08069a920f7efc9e88c81ee93989169be6ec879,DeFi
185,0xc2bc7a82231d20fb23300f93ec26cf48726a8cd2,DeFi
186,0xd7418747b8e26cc68fc43cb84db5999a1dc07051,DeFi
187,0x5a8221c5bc5982579bc507462dde6ec013d4d096,DeFi
188,0x1783e90a19bd0629e754a20e93fdde933a7f0289,DeFi
189,0x1fee6f1f1d4ea4a7d512770aa6957f12c53cd286,DeFi
190,0x46db11d5f887fa2c8e2466ff5a1c5dcb84bd6451,DeFi
191,0x576501abd98ce5472b03b7ab4f5980941db7ef37,DeFi
192,0x873b3118bcbc05e46aa1f22349b7875f5a45f4ea,DeFi
193,0x8cf60f8b36b4a3ca878f4ad1f836fdd5071f7fc7,DeFi
194,0x920d36a72901b4263a6dfebe1a598431ff053839,DeFi
195,0x9d16742a47490a47d3f85e06fcfd52aca3e5a88d,DeFi
196,0xa17c1be6a8f426664a62479068a65238e4ecd13b,DeFi
197,0xd3fe732e96d3d11f4148b6915fd53f258c2af3a0,DeFi
198,0xea50115ad3ebef50597ea5eca7eac2a3c9c53acf,DeFi
199,0x3dd0cdf5ffa28c6847b4b276e2fd256046a44bb7,DeFi
200,0xa5d7d68d7975e89feb240f42fed1d77bb71b1caf,DeFi
201,0xf3ad78068511e4cd6a2ff4bbbab1585817098393,DeFi
202,0xfa849a1c5fc35a2c8d37f5ee690aea80496508c9,DeFi
203,0x3dfa84cf5856e01bc4e12355caf7a61738509f53,DeFi
204,0xd0ff11ea62c867f6df8e9cc37bb5339107fab141,DeFi
205,0x0d5ec207d7b29525cc25963347903958c98a66d3,DeFi
206,0x416efaad75ea7010ca1ce50297630d7f54cdcabd,DeFi
207,0x632cfd9245b7a4692f03b3d562ed01e5cff94898,DeFi
208,0x0f7ad062479bc90934a23aa6ba75a72aadf4c349,DeFi
209,0x5ad2120169cd5155f213cc3b58838e545bee1779,DeFi
210,0x5e57465d07cd853287a80f87f7e05ac5417edc43,DeFi
211,0x648ec0fa1c29b71785fd81922be8d642ddb2fb60,DeFi
212,0x6edb679e04ce7d8246e905a7cf2c0be3df0034c1,DeFi
213,0x8be2701357a39b0ce77a27f38c951b0aa4810996,DeFi
214,0xd8a3b6f219ccc5d9c595add7e77f6064d416ce65,DeFi
215,0xff97c79d207fc3d7a51531d0fa93581cf8e0105d,DeFi
216,0xc2d61949a299bbbeff14d12c00748888a9336b3b,DeFi
217,0x131bea5c6679b9df528de29ba9b8f91ced3919af,DeFi
218,0xac1fd75fef38c854cf86611bc66e102981c264a1,DeFi
219,0x43eaa91b4222faa7222bce76dcb123fd6d280884,DeFi
220,0xdf436ece24614bb7c6f44fedde48a0c6725602a2,DeFi
221,0x87968386134a636b3000c26a4b15126d41bb8962,DeFi
222,0x3fd79e82ccac22a1c1b504e8a04bec133cb3f282,DeFi
223,0x547f1508a2a1ab0cb84dce4b3e09beb560bb44cb,DeFi
224,0xaecfa2c0f4bad0ecee46dcd1250cd0334fe28bc0,DeFi
225,0xbb6f35da4f7789d97e04d7eabb81c82da8272792,DeFi
226,0x5863a4c7ae18c6ab186fd0a57f61cfcad27fc61c,DeFi
227,0x6af6c791c869dfa65f8a2fa042fa47d1535bef25,DeFi
228,0x0a7493f31a23ff79eda30b12e6ba49f011b06e36,DeFi
229,0x58bbb677296b6d1b596288b31abb928492400fbf,DeFi
230,0xdcb6a51ea3ca5d3fd898fd6564757c7aaec3ca92,DeFi
231,0x36c60c1cc2818ccb9ea5a1b87c0b309196d2d867,DeFi
232,0x9759a6ac90977b93b58547b4a71c78317f391a28,DeFi
233,0xd219e1cad8cde8c46f2d923ace35a8e5b729a683,DeFi
234,0x6d72ff6373c86f3b3cca09ff18068d3c8f2b62b6,DeFi
235,0x5e8f91ceb8a4b361cd4f2ec14278e63ea0c3ba3f,DeFi
236,0xe8bfddae8f041e34b7688057cb761e7d08513fd6,DeFi
237,0xaed662abcc4fa3314985e67ea993cad064a7f5cf,DeFi
238,0xa5d330f6619d6bf892a5b87d80272e1607b3e34d,DeFi
239,0x64c5cc449bd253d7fd57751c9080accd0216126d,DeFi
240,0x93efcf86b6a7a33ae961a7ec6c741f49bce11da7,DeFi
241,0x47d9f61badec4378842d809077a5e87b9c996898,DeFi
242,0x83152caa0d344a2fd428769529e2d490a88f4393,DeFi
243,0xc45d4f6b6bf41b6edaa58b01c4298b8d9078269a,DeFi
244,0x0528a32fda5bedf89ba9ad67296db83c9452f28c,DeFi
245,0x322d58b9e75a6918f7e7849aee0ff09369977e08,DeFi
246,0xbe286431454714f511008713973d3b053a2d38f3,DeFi
247,0xbe8e3e3618f7474f8cb1d074a26affef007e98fb,DeFi
248,0x5ef30b9986345249bc32d8928b7ee64de9435e39,DeFi
249,0xbaa65281c2fa2baacb2cb550ba051525a480d3f4,DeFi
250,0x6bda13d43b7edd6cafe1f70fb98b5d40f61a1370,DeFi
251,0x82ecd135dce65fbc6dbdd0e4237e0af93ffd5038,DeFi
252,0x07ee93aeea0a36fff2a9b95dd22bd6049ee54f26,DeFi
253,0x069b2fb501b6f16d1f5fe245b16f6993808f1008,DeFi
254,0x54003dbf6ae6cba6ddae571ccdc34d834b44ab1e,DeFi
255,0x8a6629feba4196e0a61b8e8c94d4905e525bc055,DeFi
256,0x57b98aa8a8b69c6295195d153fe6edd0b0d176ac,DeFi
257,0xfbc08a66f8bac391f21472d9625c1092ff41cc04,DeFi
258,0x787f552bdc17332c98aa360748884513e3cb401a,DeFi
259,0xa2f79147143e9100e1dd65df277ac54825197148,DeFi
260,0x686f7d0b698b6780a8ce1d6ae13bb8c813552ff3,DeFi
261,0x2657eca107d7c2abcf72c7a97c8eeef863c22507,DeFi
262,0xd5e3e6f3f5de6c778bcd31e175e7b4a543b9d89d,DeFi
263,0x5be497a12e92b8deb68da9d0ed9943f8dc3067ca,DeFi
264,0xf57263953d4d02707cc26b64b920820cd310a01d,DeFi
265,0xc72786ad71b5ef5326299409d5fe6912c05635ab,DeFi
266,0x4cf98de1793ef45a2cfe9c622d871c63d61ecb28,DeFi
267,0x1098898efacd41e1824cd610f52d0f8690bdc87a,DeFi
268,0x61fa58d7ef40d6f6853740330b62ccad34f8bc04,DeFi
269,0x0ece224fbc24d40b446c6a94a142dc41fae76f2d,DeFi
270,0x36bf21c8e661b21e6166e4385f574941fdc6caff,DeFi
271,0xd72136c6da6ae959b5960c204edf8bc260087bca,DeFi
272,0xf85baccc3e7fd4b6a49818fc46503bb51539d554,DeFi
273,0x89b5925a310b22e3e51cf9e2b3405a8c9b680835,DeFi
274,0xcb17e969288ae849d5e0717694c5c56e70e798ed,DeFi
275,0x56e7d4520abfecf10b38368b00723d9bd3c21ee1,DeFi
276,0xa8b39829ce2246f89b31c013b8cde15506fb9a76,DeFi
277,0xad91a0ddf799176a0a87a32dafe8f3dd28479918,DeFi
278,0x1e0447b19bb6ecfdae1e4ae1694b0c3659614e4e,DeFi
279,0xeafd335c0e72bb89857972ee7a3ba90bd5a2f7fd,DeFi
280,0x52f1c952a48a4588f9ae615d38cfdbf8df036e60,DeFi
281,0x5199071825cc1d6cd019b0d7d42b08106f6cf16d,DeFi
282,0x8418bb725b3ac45ec8fff3791dd8b4e0480cc2a2,DeFi
283,0xf61ae328463cd997c7b58e7045cdc613e1cfdb69,DeFi
284,0x5d4b4d9f5274f72d7d4308597d0ea95b97b094cf,DeFi
285,0xa26d16a21805b14b2977555ffdea34e5e6fc43ba,DeFi
286,0x0cd07a9953c5f77990280bce10b1c82529960fa2,DeFi
287,0x375c3222bb7d4834b4381abd4ed15dff4d4c0a68,DeFi
288,0x80956127a4f4729bfad0c18cf38dfac73620d8a1,DeFi
289,0xbf3fc291876707b2d0c8fc49bcd76fae00219d37,DeFi
290,0x180f0e433be3550f93bc1842bb2b6a3af96dfe1f,DeFi
291,0xab14d3ce3f733cacb76ec2abe7d2fcb00c99f3d5,DeFi
292,0xf0cd9981f15695324763a06869d1c1dd90073c2a,DeFi
293,0x0581a0abe32aae9b5f0f68defab77c6759100085,DeFi
294,0x39755357759ce0d7f32dc8dc45414cca409ae24e,DeFi
295,0x059550a1ca3c46a2adb803e9e3ea4585a34f004a,DeFi
296,0xdfe0fb1be2a52cdbf8fb962d5701d7fd0902db9f,DeFi
297,0x78c34fc842ee1d4ca4b395dbee003b5020da4253,DeFi
298,0xc4f41917a1fc864ab576f47d5f718e72f2633b12,DeFi
299,0xd8a04f5412223f513dc55f839574430f5ec15531,DeFi
300,0xbe00fe8dfd9c079f1e5f5ad7ae9a3ad2c571fcac,DeFi
301,0x2f0b23f53734252bda2277357e97e1517d6b042a,DeFi
302,0x36a724bd100c39f0ea4d3a20f7097ee01a8ff573,DeFi
303,0x01a42015e7ebc94b90c1c8746860876debb2f229,DeFi
304,0x19214422cbc01ad29719170c47aec402a7a48657,DeFi
305,0x1ef8b36e962ff27f12be8be89e053587ca366e83,DeFi
306,0x1efcba7f1fa38819b23c303e905c1a0bf51e45d3,DeFi
307,0x64da0797adb72096f2b4340462138324fd9ea69a,DeFi
308,0x6e5f8f01d72eb96a408677b47f100de08210f24e,DeFi
309,0x705853d0a2ff077d372bf5642c3cf86c08660c9b,DeFi
310,0x8cb0a2e296249e2c1b2a971bf5514904d6a36108,DeFi
311,0x90587c70c08e5039bb33407f530d2945456d50a2,DeFi
312,0x91886fd7683fac3d926cdae7f20156aaedd0b33d,DeFi
313,0x9e3de721551e6cab2a8f1c5d725f6165bf8436a3,DeFi
314,0xbb7ca6b11278a7a4ba103119cfdbe16d9fdb9990,DeFi
315,0xc30c69403f9f25ce965119bb95346bbfad1af7c7,DeFi
316,0xc34184fb6a56a40df2b37acb040e4e97f344cf34,DeFi
317,0xd62edbc6cc15dd11bedb7422c43faeb5bd0845c6,DeFi
318,0xd64f998d9ce3dc45ba752b8031ff71e2903e2eb9,DeFi
319,0xd7899b249f067a14d844f864ab28193861992696,DeFi
320,0xf4d2db9d1571cae9cc1ca81afe328151cdfd7366,DeFi
321,0xf537f45e091dc7c3cb2c877c30d1f8977774a8c2,DeFi
322,0xf81ee3cb16a90683d2c89687ba5b29d9150bf0b8,DeFi
323,0x139a2102336b62ef29d7208ba771c35583188a8b,DeFi
324,0x9989623ebac3ee90fc71fda680a0a7e2b3852207,DeFi
325,0xb83353ddea4995c3c330cf1803fc1b9f07c0de88,DeFi
326,0xbbd13ca6aace2a8eccbde88bc7849c3c6e4e172e,DeFi
327,0xf11446f2f4d56efad6f3eb82f31f4662d0a18e29,DeFi
328,0x43a5c1331375f1f34bd774ecaee51501e9ca2db5,DeFi
329,0xbbbfc46566e5f0302cef913af8c8f423070ce6a1,DeFi
330,0x11e4857bb9993a50c685a79afad4e6f65d518dda,DeFi
331,0x4f5f0933158569c026d617337614d00ee6589b6e,DeFi
332,0x0eff168fd4933c43eda989372faacad89f7b14e0,DeFi
333,0xf579b009748a62b1978639d6b54259f8dc915229,DeFi
334,0x8e93e2451bd578efe3f7b6c95e51b5e6644c0925,DeFi
335,0xbe3e788bd11ab3070b5264aeed25c1976ab6ac00,DeFi
336,0x0e90cf05acb23d8dfa856a74e74a165c6a7af8b3,DeFi
337,0x398ec7346dcd622edc5ae82352f02be94c62d119,DeFi
338,0x5616a3d7e5c65d9d4af05e9cda6541db18d64790,DeFi
339,0x5cfc5cbc23a1728728059d0df3ba2abd24eb555d,DeFi
340,0x7cd232014c63d218d67e06c9cc56205098a4d54c,DeFi
341,0x30db89595a8dad99f610ee369a3de5ec7db3d782,DeFi
342,0x75b781961f108b9915cb91bb3cc97115ed98468e,DeFi
343,0x3e980fb77b2f63613cddd3c130e4cc10e90ad6d1,DeFi
344,0x48d1986a5b96a06305aa21bd8fedd812126ccaf7,DeFi
345,0xd645f2ffc32dc5637865ae351296f80d54dee1e1,DeFi
346,0x0f5eb292ae3822f13b1479e37ffe3fff795d220a,DeFi
347,0x9e6dcb5c5a3f17f7400cd63ae6bec0c74e65687c,DeFi
348,0xe2d035519f0247ed4b946f0ab74e8347052c020f,DeFi
349,0x3a306a399085f3460bbcb5b77015ab33806a10d5,DeFi
350,0x56c512b91f643336ba34ef8c4ac9f075e9392ee7,DeFi
351,0x7b2721ca31a42399054e3287a14a44ea06169f6b,DeFi
352,0x96d77d45bcca2d1a8052f565e6ea9a1b1f07d7af,DeFi
353,0xba44d802692d760b97c1fdff51d54bbbc55fdff8,DeFi
354,0x0962544cd22c60b8f648edffbdfae73e047c90a1,DeFi
355,0x4bebeb0e302c8d25d342d9a6ab19a547bc141794,DeFi
356,0x69d9426e93edc4644e6a19c949c0a44b96e32d69,DeFi
357,0x92e9c289fc259de635124c67c666837bf3e7d845,DeFi
358,0xc9af0c07121a65f462280aaa7d7d61febf463931,DeFi
359,0xee5c45debf15264cec58f283cba744429d5c5823,DeFi
360,0x003328baa789dfbe86b89555cb097970a524848f,DeFi
361,0xcb704d9505fbbf61478f06741c75f34ea84ec85c,DeFi
362,0x19c0976f590d67707e62397c87829d896dc0f1f1,DeFi
363,0x605d41005590391383b20682a0ca9b85b196ce21,DeFi
364,0x31e085afd48a1d6e51cc193153d625e8f0514c7f,DeFi
365,0x54a4a1167b004b004520c605e3f01906f683413d,DeFi
366,0x24a42fd28c976a61df5d00d0599c34c4f90748c8,DeFi
367,0x977baa429b27fe86689274a6bf0dfcfc5d6f1c12,DeFi
368,0x947f6f9d48bacccd3d6af220f8fa9397247f48dd,DeFi
369,0x94d294103d9308b3ec5192787207d97656d04072,DeFi
370,0x448a5065aebb8e423f0896e6c5d525c040f59af3,DeFi
371,0xbda109309f9fafa6dd6a9cb9f1df4085b27ee8ef,DeFi
372,0x9b0f70df76165442ca6092939132bbaea77f2d7a,DeFi
373,0x9b0ccf7c8994e19f39b2b4cf708e0a7df65fa8a3,DeFi
374,0xf2c5369cffb8ea6284452b0326e326dbfdcb867c,DeFi
375,0x315cbb88168396d12e1a255f9cb935408fe80710,DeFi
376,0x79f6d0f646706e1261acf0b93dcb864f357d4680,DeFi
377,0x8e2a84d6ade1e7fffee039a35ef5f19f13057152,DeFi
378,0x69076e44a9c70a67d5b79d95795aba299083c275,DeFi
379,0x4f26ffbe5f04ed43630fdc30a87638d53d0b0876,DeFi
380,0xdb33dfd3d61308c33c63209845dad3e6bfb2c674,DeFi
381,0x00daa9a2d88bed5a29a6ca93e0b7d860cd1d403f,DeFi
382,0xddb108893104de4e1c6d0e47c42237db4e617acc,DeFi
383,0xa26e15c895efc0616177b7c1e7270a4c7d51c997,DeFi
384,0x9ef05f7f6deb616fd37ac3c959a2ddd25a54e4f5,DeFi
385,0xaa745404d55f88c108a28c86abe7b5a1e7817c07,DeFi
386,0x5432b2f3c0dff95aa191c45e5cbd539e2820ae72,DeFi
387,0x3d0b1912b66114d4096f48a8cee3a56c231772ca,DeFi
388,0x99041f808d598b782d5a3e498681c2452a31da08,DeFi
389,0x729d19f657bd0614b4985cf1d82531c67569197b,DeFi
390,0x8ee7d9235e01e6b42345120b5d270bdb763624c7,DeFi
391,0x793ebbe21607e4f04788f89c7a9b97320773ec59,DeFi
392,0xc66ea802717bfb9833400264dd12c2bceaa34a6d,DeFi
393,0xb4eb54af9cc7882df0121d26c5b97e802915abe6,DeFi
394,0x1b93556ab8dccef01cd7823c617a6d340f53fb58,DeFi
395,0x4678f0a6958e4d2bc4f1baf7bc52e8f3564f3fe4,DeFi
396,0x190c2cfc69e68a8e8d5e2b9e2b9cc3332caff77b,DeFi
397,0x526af336d614ade5cc252a407062b8861af998f5,DeFi
398,0xbf72da2bd84c5170618fbe5914b0eca9638d5eb5,DeFi
399,0x963f86da34cf2ce619d4b8e5ce96577943f95b6b,DeFi
400,0x7383757c8a2f4cbc6a21a26e1f33a0fd95e7bb77,DeFi
401,0x7557f4199aa99e5396330bac3b7bdaa262cb1913,DeFi
402,0xe4b22d484958e582098a98229a24e8a43801b674,DeFi
403,0x5e227ad1969ea493b43f840cff78d08a6fc17796,DeFi
404,0x14fbca95be7e99c15cc2996c6c9d841e54b79425,DeFi
405,0xb7ac09c2c0217b07d7c103029b4918a2c401eecb,DeFi
406,0x81fe72b5a8d1a857d176c3e7d5bd2679a9b85763,DeFi
407,0x197e90f9fad81970ba7976f33cbd77088e5d7cf7,DeFi
408,0x59adcf176ed2f6788a41b8ea4c4904518e62b6a4,DeFi
409,0xcf3f73290803fc04425bee135a4caeb2bab2c2a1,DeFi
410,0xcefcbb45be41331337d49a131faf424d1e50234f,DeFi
411,0xc73e0383f3aff3215e6f04b0331d58cecf0ab849,DeFi
412,0x1fdf2cdc2b369bf4cecfe528a4dca3f6a74d6782,DeFi
413,0x3da6738c2b388ebdf2fea79554f27daa7f2d3178,DeFi
414,0x7f87eccb156eda91d74bb6546b4155f0ba0d04d1,DeFi
415,0xfb86852ec41a6220eabe1bcb1e4b606e46eb2dd9,DeFi
416,0x65c79fcb50ca1594b025960e539ed7a9a6d434a3,DeFi
417,0x132fcf76ce9d616c2f05b5efbd44acb2157edb3f,DeFi
418,0x4b7cd34229d2da4b7220a45b6068d90ea873611d,DeFi
419,0xb7c6a0270c7ea1306ad9971148c18caa06e47906,DeFi
420,0xfbb6526ed92da8915d4843a86166020d0b7baad0,DeFi
421,0xa6b5e74466edc95d0b6e65c5cbfca0a676d893a4,DeFi
422,0x15fd6e554874b9e70f832ed37f231ac5e142362f,DeFi
423,0x8f586f063ffbb89b186c8e604fc6614766f9c9d1,DeFi
424,0xaf28cec7854e9a070f4cd31f18ba005f874d9f50,DeFi
425,0xe88ada0408f187c17eedd256a0495d8e3766aac4,DeFi
426,0xb64ff7a4a33acdf48d97dab0d764afd0f6176882,DeFi
427,0x77a2cd8e930eacf196105ca06837d8b3edecf1a5,DeFi
428,0xea5e288b4f9d7e66da162e2af0db371783f62454,DeFi
429,0xccf1242cb1d7d56b428dac2bd68a5cace1b067e7,DeFi
430,0xb10c85274d2a58ddec72c1d826e75256ff93dead,DeFi
431,0xde910777c787903f78c89e7a0bf7f4c435cbb1fe,DeFi
432,0xde91067660f6e19ae03fba96d6926a0897b5f5be,DeFi
433,0xf2827848dbee5d46e9c7c4c3f5e197e3af811105,DeFi
434,0xe1f64079ada6ef07b03982ca34f1dd7152aa3b86,DeFi
435,0x3b399e00afd8201acf8a5a0eccf1c47d8d5e41da,DeFi
436,0x0f7c200c4d3b5570c777764884ce6de67f31d3ba,DeFi
437,0x0f3d8ad599be443a54c7934b433a87464ed0dfdc,DeFi
438,0x9d7f70af5df5d5cc79780032d47a34615d1f1d77,DeFi
439,0x545973f28950f50fc6c7f52aab4ad214a27c0564,DeFi
440,0x7dfe5aa8fc36c0ae788a3a71062728bfc3036216,DeFi
441,0xfeefeefeefeefeefeefeefeefeefeefeefeefeef,DeFi
442,0x21bd6b9c3cb3f7e0c6aa7061d2b02f22cdebd2ab,DeFi
443,0xc9dfff5fa5605fd94f8b7927b892f2b57391e8bb,DeFi
444,0x11164f6a47c3f8472d19b9add516fc780cb7ee02,DeFi
445,0x49be88f0fcc3a8393a59d3688480d7d253c37d2a,DeFi
446,0xc746bc860781dc90bbfcd381d6a058dc16357f8d,DeFi
447,0x631e93a0fb06b5ec6d52c0a2d89a3f9672d6ba64,DeFi
448,0xeb4c3266e1b295654ec36f16ffcfd24d3ef3e735,DeFi
449,0xc011a72400e58ecd99ee497cf89e3775d4bd732f,DeFi
450,0x57ab1e02fee23774580c119740129eac7081e9d3,DeFi
451,0x9f9c7ba80442767e7bef5e8121cec53cf8182827,DeFi
452,0x385e1eb2ff28f4a637da2c9971f8caf5f5b1e77c,DeFi
453,0x778ec2d9b4bae65c57a6436a6c37afc135bad727,DeFi
454,0x97a853e9536cf7cf123aa14da726b71a848290ce,DeFi
455,0x172e09691dfbbc035e37c73b62095caa16ee2388,DeFi
456,0x73b172756bd5ddf0110ba8d7b88816eb639eb21c,DeFi
457,0xba34e436c9383aa8fa1e3659d2807ae040592498,DeFi
458,0x5cbb53ca85a9e52b593baf8ae90282c4b3db0b25,DeFi
459,0x70c629875dadbe702489a5e1e3baae60e38924fa,DeFi
460,0x99a46c42689720d9118ff7af7ce80c2a92fc4f97,DeFi
461,0x565c9eb432f4ae9633e50e1213ab4f23d8f31f54,DeFi
462,0xe95ef4e7a04d2fb05cb625c62ca58da10112c605,DeFi
463,0x6289fd70d3dce8de61896959cdefcff3ce46a108,DeFi
464,0x271d0c1940fe546e787b273a0ccc780ecd8db461,DeFi
465,0xebdbac38835a1105851e80c7fa1f1e6e25a86e32,DeFi
466,0x94dba784e87a3f5f12e25ec98bf14233c1e69017,DeFi
467,0x1be675c50c4cc419517219b88fe84a573cc223fa,DeFi
468,0x8a34aeff4cded94afa786fcf811a6307aa7c656a,DeFi
469,0x9b7e40031f7d4f6ab6e5d36bbf2fea3bcccc75a5,DeFi
470,0x3d32f1404deace2a43b08211e4662275045b495b,DeFi
471,0x503e91fc2b9ad7453700130d0825e661565e4c3b,DeFi
472,0x5e5f5542dad3e06cc8e1cd2461e83f872835117b,DeFi
473,0xa70b3c3dcd4d3cdc55992dc5bebed33da92a259a,DeFi
474,0xc566a81f193626ee88a85fb3dcc82279b96a094e,DeFi
475,0xb211e3b026b6db2f65f5c5ec03d44bb97bb69fb8,DeFi
476,0xa8cb0b163cefb21f22c72f6a7d243184bd688a5a,DeFi
477,0x23bf838af72ee8f43870a73947d8f4edb63adae3,DeFi
478,0x357b58e0b1be9d8a944380048fa1080c57c7a362,DeFi
479,0xde51788d7113bcf845b62b878bd5ed971a49cf85,DeFi
480,0x7c8f07ac5b0a2876ee582a661d53de2d0bbad96f,DeFi
481,0x2b143041a6f8be9dcc66e9110178a264a223a3bd,DeFi
482,0xae7f21c0dfe5481ca77d538b5609938a51850942,DeFi
483,0xd4fb1706ae549febec06bb7175b08010dd1b0c2e,DeFi
484,0xeaf60da0199be2f62005225248705de774582328,DeFi
485,0x0794d09be5395f69534ff8151d72613077148b29,DeFi
486,0xcd8d927f2cb03d2efb7f96ceb66ec4976843e012,DeFi
487,0xc2992b2c22238f296c2f429ee2f7afb462ed1750,DeFi
488,0xed4699f180a14b5974c26f494483f9c327fd381a,DeFi
489,0x013ae307648f529aa72c5767a334ddd37aab43c3,DeFi
490,0x5d609c25adaafd856021f92296c66db602a0fce8,DeFi
491,0x9073ee83b6ce96c444547ddcaf777b9352163581,DeFi
492,0x0bc209fb72390af12bd6fd775355ea0856864b31,DeFi
493,0xb91b114a24a1c16834f1217cc3b9ee117b6c817a,DeFi
494,0x28af5a2f0cc12f2f19dd946608c945456b52b3f6,DeFi
495,0x60feeed05004476518281d43185fb7f52d9722c0,DeFi
496,0xacf5c0101cbbe8476e87c652e0bef33684cc94d6,DeFi
497,0x3eb064766109d150e4362222df80638bce00e037,DeFi
498,0x0c8a7d55ef593a2cad34894c1523162ee2ffb9ac,DeFi
499,0x74c80bb51da1eac2d40074c647cbd0ab6920063f,DeFi
500,0x559e848a1b6a7afc69ee27f8d20280a42628b2cf,DeFi
501,0xdce506b196b0df677d07e718f872cac9bc368a33,DeFi
502,0xe88a4976cb7d8898d39e3f317421d625403ecb8c,DeFi
503,0x4140919de11fce58e654cc6038017af97f810de1,DeFi
504,0x26c0cb14470803120321b70ae85405ac298e5a42,DeFi
505,0xd9553f0fda012224141aecc1eca0e29868ff7fe8,DeFi
506,0xdcb5821fcfdab5553307b8f99591fc9daa3c4be3,DeFi
507,0x632db1c25c03dcac8d23ff2c9a4cea34cbeffa1b,DeFi
508,0x0944d2c41fef3088467287e208e5bbb622a0c09c,DeFi
509,0x6e5709515c767c907e43a03388cc816bd65e797c,DeFi
510,0xe05d803fa0c5832fa2262465290abb25d6c2bfa3,DeFi
511,0xf45b14ddabf0f0e275e215b94dd24ae013a27f12,DeFi
512,0x62492f15cf60c5847d3053e482cade8c5c29af88,DeFi
513,0xb3f67de9a919476a4c0fe821d67bf5c4637d8429,DeFi
514,0xffa72fd80d8a84032d855bfb67036baf45949009,DeFi
515,0xa3de830b5208851539de8e4ff158d635e8f36fcb,DeFi
516,0x56751d5ac7d2b614c79d22e6b52d3285cfa8a293,DeFi
517,0xed4a3adffa428ffd126aed8ba5b8b58bb12c11ca,DeFi
518,0x57ff288dd9d478b046647a5ab917195449f1f6e5,DeFi
519,0x09400ec683f70174e1217d6dcdbf42448e8de5d6,DeFi
520,0xc68b5eb9e035b2b84568a4c6201e3b200c0236ba,DeFi
521,0xd8f6b6b6782632275b2b51230654f687f5b12cde,DeFi
522,0xccc395f0ebfaa26dcc2d3bacc23d55614002236b,DeFi
523,0xce88906100c145522be3a509683881241abb3c52,DeFi
524,0x83266a95429b903cc5e954bf61c7eddf8a52b971,DeFi
525,0x810425566d1d3078b15a6f035b17886f18f3c54b,DeFi
526,0x66b86625ee80b06e94e027e44ea35680a0730233,DeFi
527,0x43e1505e315be6c8b875a37f7d8753ba84140a37,DeFi
528,0xda5ed43b9b6e36b4f27cc6d8c1974532cdbd55f9,DeFi
529,0xf7011510572d0efe31d1e90cd6dc1ef84e6b13b8,DeFi
530,0x8e39e807d9eae1ced9bce296f211c38ba5ab2f9b,DeFi
531,0xc5bfbc63dc8d36e81434e93e0ee097999879d7f4,DeFi
532,0xae7d62fb6a305e6d9e9f8c43bbb41093c2be52f6,DeFi
533,0x51fe40e6292dbc44623b298a4086ffa6f5976ba1,DeFi
534,0x9b461df6fc38e1baec08c06eb9e916093af8d11c,DeFi
535,0x3f3804176d90640ac6063124afd4bc0636ac85b6,DeFi
536,0xf53b56b6fb98aaf514bcd28f6fa6fd20c24e5c22,DeFi
537,0xc0ba711b4e128425be9245ce750d82c90b42d6d2,DeFi
538,0xec114001d23eefe6624fb42ccbf4b3c793e295f1,DeFi
539,0x3ddf5dad59f8f8e8f957709b044ee84e87b42e25,DeFi
540,0x8c6680412e914932a9abc02b6c7cbf690e583afa,DeFi
541,0x05dd55c18999b4a2f905978c029b85da37750170,DeFi
542,0xec98bb42c8f03485bf659378da694512a16f3482,DeFi
543,0xfca2e82e5414c695c81b99d753b0b11c50bdc93d,DeFi
544,0x99bcc501d04f400ba3f78b5375d00b56ace6ee0d,DeFi
545,0x047fc84504714d526808be07bf17bdd70726ef92,DeFi
546,0xd95e7f80766580634b2e0e49d9f66af317994fc7,DeFi
547,0x10a0532de3c86d9ce810f004fabcf5a1ea464390,DeFi
548,0x1228c7d8bbc5bc53db181bd7b1fce765aa83bf8a,DeFi
549,0x87ea2450eab99a74e55e2b446290011765393ac1,DeFi
550,0x80edac70ec108a9c5b47972da9924397ba974ff9,DeFi
551,0x406555dbf02e9e4df9adeaec9da76abeed8c1bc3,DeFi
552,0x2de37af5ba64f5cae3202bf13dbedc4d46e8046f,DeFi
553,0xcbbb17d9767bd57fbf4bbf8842e916bcb3826ec1,DeFi
554,0xd7adf1b5e31d1c40e08f16a2095338ce3aa8f2fc,DeFi
555,0xccda7941ab1ac7a32f49843c0b3edf618b20f6ae,DeFi
556,0xfe6cd6de459db214818492f532ec02ba87319437,DeFi
557,0x72661e76475354403838eb04144206f70ff97d79,DeFi
558,0xad7258d0054c03112a4f5489a4b24ec34a2fc787,DeFi
559,0x59d39e14cc735b39746c94351e7fbdd92c8d0d3c,DeFi
560,0xb03dfc4b9c9756b6d4fbc12dade7732149fcf00d,DeFi
561,0x710882750dde5dbc64e5a7df23a8cf068df74910,DeFi
562,0xa6fe80c4c4aadb4b33db7f22dc9ae2c4697cc406,DeFi
563,0xaca2179a884bac7c3d0bc4131585e1b7dbdd048e,DeFi
564,0xc906de7f8b4c1a4787023f50f49ce98f9f67c4b8,DeFi
565,0x33ce216c10dea5e724b7a90628ce7853eef127b3,DeFi
566,0xe5787927410b659cc4ea2441cdaa361f9d7b250c,DeFi
567,0xae3971e603b11da40aea85d8c2355150c7c47683,DeFi
568,0xa5a4cccccaa26cea096f6e493839423f4d66c63f,DeFi
569,0xf8ad89091b2724bdb7528c50b282b565db4635bb,DeFi
570,0x832177f21ccdcc286003fadf4e98fc11dc5c627f,DeFi
571,0x6bcd1cae4a3c099c696b51f889be2120df62b7c0,DeFi
572,0xf0ac210915bd88ea51c9eb800a4078a85927efdf,DeFi
573,0x8f69c9ee79bf9320e1a5c19e559108e1cb3d002b,DeFi
574,0x6aa0f8620614afe9bd4aba3148439b08eb2557c0,DeFi
575,0x93cff799f255eda2089cfb3f05696b5b66873c1a,DeFi
576,0x8a3ca1d2d9a05683eb4db447d0e3122fec09d9ee,DeFi
577,0x2420057461bd2fb756e0a610897c51de7fb18311,DeFi
578,0x9270d9970d6aca773e2fa01633cdc091a46714c9,DeFi
579,0x296b019e6df25ce3b71d4239b8c7cec1a417d4e9,DeFi
580,0xff0b8894cc44f300e124bcd39f95555816b8b1d5,DeFi
581,0x64c73355fbd0274e677609e8fb372427df975508,DeFi
582,0x60c34eb93afcd1b701ff8c036b128441c68a8a70,DeFi
583,0x4917e9ef69e3a1c82651c9158ca2c25b3a564760,DeFi
584,0xf778ec504245efe1ea010c5c3e50b6f5f5e117da,DeFi
585,0xe725d6ff29d0679c9cb6fa8972a1e8a7fb49610b,DeFi
586,0x42456d7084eacf4083f1140d3229471bba2949a8,DeFi
587,0x8519d1bdb4cc1753df95c6e98f6bd0e95de568d9,DeFi
588,0x0577d4268abe6777ae37688d015598819088297b,DeFi
589,0xd81ada188331e627567bbef80f91217cd3109592,DeFi
590,0x9f71b6596b2c9d357f9f04f8ca772fbd6e2c211c,DeFi
591,0xc2bb52457d81fbd223cc92b44cd372d36b338a10,DeFi
592,0x45aa2f706c3d695acc1da9698fb803b8ef5157ba,DeFi
593,0x68473dc4b7a4b0867fd7c5b9a982fea407dad320,DeFi
594,0x57e4a2d7d9b759cf6fa2c937d52e408c66fb6384,DeFi
595,0xdb36b8f25bb1f289d97aee8f87baccac58fa8883,DeFi
596,0x0a24864596c54d79c825e64b281645249c14590c,DeFi
597,0xd8c733ac0b2db47bba7af7716eb696e62c417d5b,DeFi
598,0x486e27d56c0744970687927728598f8b96451cc4,DeFi
599,0x8fa7fbb0144cea832a76547aeab1ad8d9e4588f1,DeFi
600,0x51671b7556ebeb4c43180e983f5569973e15cac9,DeFi
601,0xd9e5a009ec07de76616d7361ed713ef434d71325,DeFi
602,0x11dfa1bf994ea47e361ec474519afd627e932eb0,DeFi
603,0x4b1ce9c42a381cb2d74ffef20103e502e2fc619c,DeFi
604,0x68043c3eae66ac1c28341867491e615412fc84fd,DeFi
605,0xdf846d3ded30a0590319f8a7ecd4e233b0e9188c,DeFi
606,0x34b19046c6657d26b0c9b63d3fb54c2754ed4537,DeFi
607,0x46824bfaafd049fb0af9a45159a88e595bbbb9f7,DeFi
608,0x3d663dbe79fa9752815e03e129d6703ede1c6d71,DeFi
609,0x8e0cc15bbcd10e170ac07982b5d6930502c63784,DeFi
610,0x088256945480c884c067a8bc98a72a1c984f826b,DeFi
611,0x79bef89a63be04a75f1fa42e8f42ad873b6f43e2,DeFi
612,0x13586160e4f890d0631c3c08d989f5b7afe202b0,DeFi
613,0xfac2b3400df00a348c3118831a45a05255f9004a,DeFi
614,0x84965dca28c4eb9de61d80f80e811ea12be1c819,DeFi
615,0x54a0326fb698c2cfaca5327550a897fa66d21f07,DeFi
616,0xd1599e478cc818afa42a4839a6c665d9279c3e50,DeFi
617,0x457cd14f384e7d103b17feeb01d2a42ad2eca529,DeFi
618,0x3772f9716cf6d7a09ede3587738aa2af5577483a,DeFi
619,0x22a67ecd108f7a6fc52da9e2655ddfe88eccd9ca,DeFi
620,0x9642c7026822391100a4773d7aa597ae18ece7dd,DeFi
621,0x7cb89c509001d25da9938999abfea6740212e5f0,DeFi
622,0x153c3148a0a285a6f9f6d1996e1348832249bf7e,DeFi
623,0x8454190c164e52664af2c9c24ab58c4e14d6bbe4,DeFi
624,0x2987252148e34863612ac7f4ef3260de0c2a68f7,DeFi
625,0xef8a2c1bc94e630463293f71bf5414d13e80f62d,DeFi
626,0xd76c5b71ba091c785aec1a5c1c901b04876d073b,DeFi
627,0x5a4ade4f3e934a0885f42884f7077261c3f4f66f,DeFi
628,0x2dea20405c52fb477ecca8fe622661d316ac5400,DeFi
629,0xbd88d2ddf55b65bdbba6f6a5a626b854835d7844,DeFi
630,0xffc91f7088bf40f0419b451fb9d85718d8903628,DeFi
631,0xa36ac1f924087b7b959592c3d89cb066d1cc35d5,DeFi
632,0x42d03f506c2308ecd06ae81d8fa22352bc7a8f2b,DeFi
633,0xcf401f31c63f58debfc76f441731dfa945cd0bde,DeFi
634,0x1943dbd2a793c588b5170188ee6fb62e02afdff7,DeFi
635,0x8a8dcbba6038c6fc6d192f5cf5c5dd83b98591bc,DeFi
636,0x2ae393c18b6aa62d6a2250af7b803fa6973bc981,DeFi
637,0xa6e5da838d3b8338783e0710e1d5f6c8e8e998ce,DeFi
638,0x0da04b80e21b344fcfd49c04bec658e80f1d7428,DeFi
639,0x1a60e2e2a8be0bc2b6381dd31fd3fd5f9a28de4c,DeFi
640,0x3d0e7c09242b0cad4e81cb2f6d2183ef517500ef,DeFi
641,0x0cbe2df57ca9191b64a7af3baa3f946fa7df2f25,DeFi
642,0xd8b325e9a95abc44cedc90aab64ec1f231f2cc8f,DeFi
643,0x2656a6e566f8e60f444b283bf346fc74a9990c96,DeFi
644,0x289e9a4674663decee54f781aade5327304a32f8,DeFi
645,0x2a020c1ad728f1c12735bc4877ceeca4491a4a3d,DeFi
646,0x4d57a8212bdb8bdca049365bce8afa0244a0e3fc,DeFi
647,0xd6308849094c5e6eb0edaba255a06ca32b0106bf,DeFi
648,0x3a412043939d9f7e53373b64f858ecb870a92e50,DeFi
649,0xd415e342a5c7ee189d939b4dc17e85880fe1096a,DeFi
650,0x112d5fa64e4902b6ff1a35495a0f878c210a5601,DeFi
651,0x4a15d9dfc95ba7b9e33ce70e7e0762dc8f7ac237,DeFi
652,0x4d96b67f5bde58a622d9bf2b8a1906c8b084faf4,DeFi
653,0x00ab7c26a5a6c4c32d0b897e4af3cb32f92aad34,DeFi
654,0xff6866ff46c71706dcd5a0a38f12279553be6233,DeFi
655,0xc64cda66bc1d026b984d6bee6adbf71eac8a099d,DeFi
656,0x4dc1e8bacc26d563941dcb59c72bd9fe58663778,DeFi
657,0x6e5bc3e877cfaa06ef97dfa12e63efbb8fcbb03e,DeFi
658,0xc0b1f43ee7b0670f7b34e14c4702e54a905a51b5,DeFi
659,0xe109da5361299ed96d91146b8cc12f682d21964e,DeFi
660,0x2cb1b47fb16013798086f267e04e6579dcb72a74,DeFi
661,0x2972705af18c66c14cdd27ad412961e01944a9c3,DeFi
662,0x6025f88abb6d99d02c5eed82c151d52bac8e444b,DeFi
663,0x30a46e656cdca6b401ff043e1abb151490a07ab0,DeFi
664,0x96f9d144e55149437640512b82d7dda065e89773,DeFi
665,0xa0c19218271f056bc10b1cdd7a5fab48f757bc86,DeFi
666,0x0985de52896fc4c9a84d108f5582ec02fdf91605,DeFi
667,0xddf91fc27087e076574df31483db5c21a85e47b6,DeFi
668,0x5cca1f0c514c0624d3ba7585d56fd2d72cbefd80,DeFi
669,0xf8f2f8001fca737efa2bc26217fc20c1f8267fba,DeFi
670,0x249a10c68afa9827571cb73f29ab5af57ee5a596,DeFi
671,0xcee0a0dc7f393ed6ac84a3ac2191c28d6a53acef,DeFi
672,0x3fda286f354a3318534026dbacf021c84a71b03c,DeFi
673,0xdb957f324be2de9bdab01a3dbb50228569fdee1b,DeFi
674,0xf1ef8ee7dfee4bd0e06b0fced1d299387b78cb09,DeFi
675,0x000f49fd739d4023b0a6c87ee8705ef1ffb55c87,DeFi
676,0xbf093390d8046ae2d0f5465dec7001d65dc159d5,DeFi
677,0xeb3107117fead7de89cd14d463d340a2e6917769,DeFi
678,0xb440dd674e1243644791a4adfe3a2abb0a92d309,DeFi
679,0x4e3b31eb0e5cb73641ee1e65e7dcefe520ba3ef2,DeFi
680,0xb671f2210b1f6621a2607ea63e6b2dc3e2464d1f,DeFi
681,0x29c295b046a73cde593f21f63091b072d407e3f2,DeFi
682,0x84d626b2bb4d0f064067e4bf80fce7055d8f3e7b,DeFi
683,0x9a4935749dbdfaf786a19df1c61a6d28b7a6cf94,DeFi
684,0x4b9ca5607f1ff8019c1c6a3c2f0cc8de622d5b82,DeFi
685,0xa05e45396703babaa9c276b5e5a9b6e2c175b521,DeFi
686,0x9d4193187b247a400e8d8ba716f1c18c0dc65528,DeFi
687,0x0e87a320dace86a0b427fa2bae282de5c7697278,DeFi
688,0xf86048dff23cf130107dfb4e6386f574231a5c65,DeFi
689,0xc704c9aa89d1ca60f67b3075d05fbb92b3b00b3b,DeFi
690,0x817c39c8825e12ea7752483c85dd2c800b78b357,DeFi
691,0x5f7a299be82d8f5a626300c62c477b233f616121,DeFi
692,0x489d4d4c4bc781eaab3a36c44d66762ceb6e1e2d,DeFi
693,0xc66a263f2c7c1af0bd70c6ca4bff5936f3d6ef9f,DeFi
694,0xf13f9e75913b352622f8aeea5ac32498b1c228d0,DeFi
695,0xae55f163337a2a46733aa66da9f35299f9a46e9e,DeFi
696,0x63d630b6d89c21e171e86c51c7243284510dbd79,DeFi
697,0x0f5bdfd0958345c2e7adb1741024aed6dd159e6c,DeFi
698,0xdd87cbde3c1f8f728c7924c8c9c983af6dfcfea8,DeFi
699,0xc5d2b3f5daf11b6111af86a72a5938b0fe6c5045,DeFi
700,0x71cd588efa3609bc14e7b0c7c57dddfd3a72e8a2,DeFi
701,0x6dfdfbfb4b180be4482f8b753fb33720c2831a9f,DeFi
702,0x1cda42c559d2eb137103d9a01d1ae736deda3aef,DeFi
703,0xe04d8770dc06135dd97214ea8bcbf7b1cc057aa3,DeFi
704,0x9b68b85c61b082b2495b342f26b20a57cfd73d26,DeFi
705,0xadad43be81e2206f6d1af4299ca2a029e16af7ab,DeFi
706,0x17628a557d1fc88d1c35989dcbac3f3e275e2d2b,DeFi
707,0x5ea2544551448cf6dcc1d853addd663d480fd8d3,DeFi
708,0x253914cf059f4c3e277c28060c404acfc38fb6e2,DeFi
709,0xc66499ace3b6c6a30c784be5511e8d338d543913,DeFi
710,0xf5a6115aa582fd1beea22bc93b7dc7a785f60d03,DeFi
711,0x31a9c51eed5282f11ae5cdd061a65a4ce0346c08,DeFi
712,0x2369d37ae9b30451d859c11cabac70df1ce48f78,DeFi
713,0xd0dc005d31c2979cc0d38718e23c82d1a50004c0,DeFi
714,0x2fb419e7023b32201e9ab3aba947f5c101a5c30e,DeFi
715,0x8d34924eae7578692775fdd94ed27bc355397e4a,DeFi
716,0xb3098ae40f488ffdb979827fd01597cc20c5a5a0,DeFi
717,0x8ed1b71b00dbab96a6db6df0c910f749243de6d3,DeFi
718,0xaf918f4a72bc34e59dfaf65866fec87947f1f590,DeFi
719,0x6cf29c515a33209c6eca43c293004ac80c0614f0,DeFi
720,0x4ceb220c5e38e27ef5187f7ab853ac182d233d39,DeFi
721,0xc6738ed1eb79fa23941c75b4f437fc65893b5476,DeFi
722,0xc4be4583bc0307c56cf301975b2b2b1e5f95fcb2,DeFi
723,0xae38b81459d74a8c16eaa968c792207603d84480,DeFi
724,0x1b9d6cd65ddc981410cb93af91b097667e0bc7ee,DeFi
725,0xa408d8e01c8e084b67559226c5b55d6f0b7074e2,DeFi
726,0x86fd9c0261e804476ba11056ffd758da2469ed56,DeFi
727,0xf5d0bfbc617d3969c1ace93490a76ce80db1ed0e,DeFi
728,0x91dbc6f587d043fefbaad050ab48696b30f13d89,DeFi
729,0x4534e92eefecc63c6105f53893d355c14aa129cf,DeFi
730,0x971e78e0c92392a4e39099835cf7e6ab535b2227,DeFi
731,0xd636802a5b903b23726189d9b89daad2750177fa,DeFi
732,0x780a7206313f411db5f32c79b15b1c80faabed59,DeFi
733,0xc4e4c442653fdc78a71401684fd6cf9d67b3b643,DeFi
734,0xa1652766155d4debc31d01bf3f748cb46508745b,DeFi
735,0x3fb1f228168432688b4e851fe909907248cf9ecd,DeFi
736,0x01ada1140ca795897c45016dfd296382267b264a,DeFi
737,0x6e9bac2827dbba78d11b270115086cc357988928,DeFi
738,0x68a8b098967ae077dcff5cc8e29b7cb15f1a3cc8,DeFi
739,0x71892d13ba2b19f196760f619ee9c67534a49e37,DeFi
740,0x7b6ab32ca02b31485fbf7265437c2853792cc5d9,DeFi
741,0x3fdf819c3665d6866b5bb0f56e1eda0d7f69b714,DeFi
742,0x7b1010586f923cbf61e7c314146853675705751f,DeFi
743,0xd69eabdf940174ca571a6d71dde9b9a4dbcdbb0f,DeFi
744,0xe20117888ab22acf65b02c196a9f8423b502876c,DeFi
745,0xa9d6ae0f9e9da6ffc357cd155cce18e3491e135d,DeFi
746,0xca0d3004f5e771a129fb94619f8867a23e8a23de,DeFi
747,0x9956c5019a24fbd5b506ad070b771577bac5c343,DeFi
748,0xcb29d2cf2c65d3be1d00f07f3441390432d55203,DeFi
749,0xb7ee031093b9578df124983823330bbe277fd8b4,DeFi
750,0xf9bd94c6f93c1fa5f38174c5e424721e1046af07,DeFi
751,0x4f6296455f8d754c19821cf1ec8febf2cd456e67,DeFi
752,0xc5680d24c3086e10f618b5176a59e90d6284be9f,DeFi
753,0x52496fe8a4feaefe14d9433e00d48e6929c13dec,DeFi
754,0x136b1ec699c62b0606854056f02dc7bb80482d63,DeFi
755,0x7ac2d37098a65b0f711cffa3be635f1e6acacfab,DeFi
756,0x631443c4121ca7b4c90dc79a37b1dce8b79adeec,DeFi
757,0xd4db55cf39c37beaa3a47f2555d57b4ea2d9ff39,DeFi
758,0x34a5ef81d18f3a305ae9c2d7df42beef4c79031c,DeFi
759,0x6568d9e750fc44af00f857885dfb8281c00529c4,DeFi
760,0xd1b420854527e4b0e489bd37ec8f9db1e6305515,DeFi
761,0x7e88d19a79b291cfe5696d496055f7e57f537a75,DeFi
762,0x4dfacfb15514c21c991ff75bc7bf6fb1f98361ed,DeFi
763,0x577d4a7395c6a5f46d9981a5f83fa7294926abb0,DeFi
764,0xe1a2c7957a4771031301f2e25b0f52039ad97270,DeFi
765,0xc69d8b688a309fdea9273dde1a46bf1e51928a55,DeFi
766,0x7ec5697c724895da7f2320bde063bef6215a72e2,DeFi
767,0x05a9cbe762b36632b3594da4f082340e0e5343e8,DeFi
768,0x53d244fb46357568dbef082225ccc87cbd94aae8,DeFi
769,0x20569b49d74c1ede765382574f7f3fdc2a078a4f,DeFi
770,0x23d5381713841724a67b731026b32322228ca3c7,DeFi
771,0xb90aaffb61dfc042e7a7abce069ddb4bae9ab192,DeFi
772,0x959894a82fbf99d35b12ed1ea81e783296229862,DeFi
773,0x5b1b5fea1b99d83ad479df0c222f0492385381dd,DeFi
774,0xa8bbb0155e7ea36d7dacb3c59d45c4fcd4a6d73e,DeFi
775,0x3fa5029121537a3895ca0ca196828f57b13b0ce8,DeFi
776,0x6452a42c0e73dbbe71cb674854b14b650e0298d5,DeFi
777,0x8984c65cd82c319c0502c2668a32f450e17c2a06,DeFi
778,0x9523894a5dfbfcb436ceaed1cc0c94219978b12a,DeFi
779,0xfd23f77fbd9fc08c4634cc3fdd58054cece3792b,DeFi
780,0x4b1af6c07e806f6a7b71a4a9f1504421f002e771,DeFi
781,0x8537550aceccef73af7b05c83e25e80f2531c964,DeFi
782,0x48d7f315fedcad332f68aafa017c7c158bc54760,DeFi
783,0x2157a7894439191e520825fe9399ab8655e0f708,DeFi
784,0xc04744ab87a4c37afd91680ef280b96ee21a026e,DeFi
785,0xfad8b07055a0371442a3106a2244a82b24e31cec,DeFi
786,0x9c1ceadc487969a9e48eea7222206c6b9514a35c,DeFi
787,0x1c9052e823b5f4611ef7d5fb4153995b040ccbf5,DeFi
788,0x5c69bee701ef814a2b6a3edd4b1652cb9cc5aa6f,DeFi
789,0x4ce3687fed17e19324f23e305593ab13bbd55c4d,DeFi
790,0x395a1350db9627360d09c8b3e7c31fb84261b8f2,DeFi
791,0x3203d789bfdb222bfdd629b8de7c5dc38e8241ec,DeFi
792,0x16d4f26c15f3658ec65b1126ff27dd3df2a2996b,DeFi
793,0x2dda09fb929c576a6ab6c1d1ee62e8af72b2f6a7,DeFi
794,0xf164fc0ec4e93095b804a4795bbe1e041497b92a,DeFi
795,0x7a250d5630b4cf539739df2c5dacb4c659f2488d,DeFi
796,0x41cbc04c72bccc99df0f7f77e3109156f547b21e,DeFi
797,0x1ba9f5c192cde7d6c83eadb644b4106757145be3,DeFi
798,0x8fccc2f2279bc5318700b1f2278b69559baee2c4,DeFi
799,0x34a0216c5057bc18e5d34d4405284564efd759b2,DeFi
800,0x27ef0cb021446f6d43adf0bcc74b64fd9c0ab180,DeFi
801,0x2eafd2dc620dd40ef64fb394c3882526e129068e,DeFi
802,0x05a3c16c454262254c63b4dda9ef4007799af165,DeFi
803,0x1e4f97b9f9f913c46f1632781732927b9019c68b,DeFi
804,0x27e611fd27b276acbd5ffd632e5eaebec9761e40,DeFi
805,0x29b0da86e484e1c0029b56e817912d778ac0ec69,DeFi
806,0x44b26e839eb3572c5e959f994804a5de66600349,DeFi
807,0x4ec7571e745e71b4846f84ece0f5f2ef5d00c274,DeFi
808,0x56ee926bd8c72b2d5fa1af4d9e4cbb515a1e3adc,DeFi
809,0x74b23882a30290451a17c44f4f05243b6b58c76d,DeFi
810,0x9cba40c86b83a88bd5663cac07843a37ccb753cf,DeFi
811,0xb82674cfa16bb28d9b70bec830ff24baec6b1337,DeFi
812,0xbe215409c0a58559e304a14dbfba831aa4bdf1c4,DeFi
813,0xded1dd0f073008c85ae582499f12c01bb1d0a11e,DeFi
814,0xf632c1d45909af5240ab3a0c8c7bb18ee7af0aaa,DeFi
815,0xfaa5da1b828d457568ea0deab54ccd04e619cf5b,DeFi
816,0x670577feb18576c10f632b2e26976e659d1e5e33,DeFi
817,0xd17cda470bd0237fae82ef254c84d06d0e4cc02f,DeFi
818,0x929a10efda7099865dad8286aee8715078902d51,DeFi
819,0x13240b97c40d7e306cedf3adc9cb057cec74c361,DeFi
820,0xefd082cc1b847614a446f724e12935ad0660ceac,DeFi
821,0xd3eba712988df0f8a7e5073719a40ce4cbf60b33,DeFi
822,0xe3385df5b47687405a02fc24322dedb7df381852,DeFi
823,0x7b1cd9aa4a77586745126ec35623b79724b2135b,DeFi
824,0x701564aa6e26816147d4fa211a0779f1b774bb9b,DeFi
825,0x421fb7f2462c6ea26a681880ae0bdde6eb043dd8,DeFi
826,0xdf02ffeafdb79e564ae9fdac6545c5f4c2178400,DeFi
827,0x8633c63af13e2e5822c4d074fc665ff55982956f,DeFi
828,0x64a9edd3f5fce0252cd708e26c8dd11205742826,DeFi
829,0x077d52b047735976dfda76fef74d4d988ac25196,DeFi
830,0x37134075f5b5a0a94ac891c7b5ec5db5cfcf392c,DeFi
831,0x2e642b8d59b45a1d8c5aef716a84ff44ea665914,DeFi
832,0x7a43ce3ef79ad8b7adf23f4c1bdd0446fd7e4d76,DeFi
833,0xe9078a97eef2bb502a9f792169f9c03626649248,DeFi
834,0x0e6a53b13688018a3df8c69f99afb19a3068d04f,DeFi
835,0x87d80dbd37e551f58680b4217b23af6a752da83f,DeFi
836,0xd1f3e9b413f5c9fd56f044699c64ff710e7e5a9a,DeFi
837,0xfe3eb37c105800842001f759d295ecfb2158a4cb,DeFi
838,0x25c610eee8f59768c26567c388986aab3467a3e3,DeFi
839,0x6c3942b383bc3d0efd3f36efa1cbe7c8e12c8a2b,DeFi
840,0x964581a7b638f1b63b7466265996c72229a726a5,DeFi
841,0x45a2fdfed7f7a2c791fb1bdf6075b83fad821dde,DeFi
842,0x1c6c712b1f4a7c263b1dbd8f97fb447c945d3b9a,DeFi
843,0xd7d070728c947645af47f8cd0731a4100695a503,DeFi
844,0x0f88a6cbeb3bd153c0584c7136fbcc86c2dd657f,DeFi
845,0x2a1530c4c41db0b0b2bb646cb5eb1a67b7158667,DeFi
846,0x4f0d6e2179938828cff93da40a8ba1df7519ca8c,DeFi
847,0xd1c24f50d05946b3fabefbae3cd0a7e9938c63f2,DeFi
848,0x9c33eacc2f50e39940d3afaf2c7b8246b681a374,DeFi
849,0xd55c1ca9f5992a2e5e379dce49abf24294abe055,DeFi
850,0xb92de8b30584392af27726d5ce04ef3c4e5c9924,DeFi
851,0x61792f290e5100fbbcbb2309f03a1bab869fb850,DeFi
852,0xed9d5aa6124a3310b80a2468c67763627653887d,DeFi
853,0xb5e96c3ad1ccc79e7ab13433471baf785bb4977e,DeFi
854,0x7ea7134ed6c41d9e35dae7e7e1ff0fcc406224ca,DeFi
855,0x745c1e2417455814c9359366d281b4a650a6ac61,DeFi
856,0x884715e2dce8757c9ee19739c366b2c7c65f05b1,DeFi
857,0xb99a23b1a4585fc56d0ec3b76528c27cad427473,DeFi
858,0x5e342e9d0ebb3861863a6aae1840f39a023b98e9,DeFi
859,0xc0a47dfe034b400b47bdad5fecda2621de6c4d95,DeFi
860,0x5e7907ac70b9a781365c72f2acee96710bda042e,DeFi
861,0xf79cb3bea83bd502737586a6e8b133c378fd1ff2,DeFi
862,0xf5bb20e73c59e0f643ae4bcd89d761ebdec83b73,DeFi
863,0x80f0f3e1482bab7fb6ed70185476f2fcdb596fa9,DeFi
864,0x60a87cc7fca7e53867facb79da73181b1bb4238b,DeFi
865,0x26cc0eab6cb650b0db4d0d0da8cb5bf69f4ad692,DeFi
866,0xe8e45431b93215566ba923a7e611b7342ea954df,DeFi
867,0x4b17685b330307c751b47f33890c8398df4fe407,DeFi
868,0xd883264737ed969d2696ee4b4caf529c2fc2a141,DeFi
869,0x05cde89ccfa0ada8c88d5a23caaa79ef129e7883,DeFi
870,0xd4777e164c6c683e10593e08760b803d58529a8e,DeFi
871,0xe499657190d515119077af5d64f44b6f850baea5,DeFi
872,0x604d4f69e121178f6a91262edeb54c19c5e3b539,DeFi
873,0x3b4167b4d86b696ef7710ee9306cd303786f0a0b,DeFi
874,0x3cccaf9826f23fa749a85644f4924e627405f338,DeFi
875,0x634e27269a029edb2b70b5ef43273f5eed9ebcc2,DeFi
876,0x8705045c732165b67e53152e736f0a9e5f42d042,DeFi
877,0xb7520a5f8c832c573d6bd0df955fc5c9b72400f7,DeFi
878,0x49c4f9bc14884f6210f28342ced592a633801a8b,DeFi
879,0xf173214c720f58e03e194085b1db28b50acdeead,DeFi
880,0x417cb32bc991fbbdcae230c7c4771cc0d69daa6b,DeFi
881,0xc4a1c45d5546029fd57128483ae65b56124bfa6a,DeFi
882,0xe3406e7d0155e0a83236ec25d34cd3d903036669,DeFi
883,0xc6581ce3a005e2801c1e0903281bbd318ec5b5c2,DeFi
884,0xc4c18dec88a6576a8e345887fb1a229e97ba55e7,DeFi
885,0x006b6e89ee1531cfe5b6d32da0d80cc30506a339,DeFi
886,0x09f448c70c99124024cd9e8dcae6c2f51c0896db,DeFi
887,0x2c4bd064b998838076fa341a83d007fc2fa50957,DeFi
888,0xa931f4eb165ac307fd7431b5ec6eadde53e14b0c,DeFi
889,0x4d6ef41be615d2e74fafe2162fb5aa1267f9081e,DeFi
890,0x069c97dba948175d10af4b2414969e0b88d44669,DeFi
891,0x2bf5a5ba29e60682fc56b2fcf9ce07bef4f6196f,DeFi
892,0xa6923533a6362008e9b536271c2bdc0ff1467d3c,DeFi
893,0x21f5e9d4ec20571402a5396084b1634314a68c97,DeFi
894,0xe3a0a2431a093fed99037987ed0a88550e5e79aa,DeFi
895,0xa1ecdcca26150cf69090280ee2ee32347c238c7b,DeFi
896,0x4f30e682d0541eac91748bd38a648d759261b8f3,DeFi
897,0xf53bbfbff01c50f2d42d542b09637dca97935ff7,DeFi
898,0xea8e9ea8463604f77323334a4f62b6a72a026b07,DeFi
899,0xc040d51b07aea5d94a89bc21e8078b77366fc6c7,DeFi
900,0xf506828b166de88ca2edb2a98d960abba0d2402a,DeFi
901,0x755899f0540c3548b99e68c59adb0f15d2695188,DeFi
902,0xc7eb739e2651484daa1717433de1736a6529cfcc,DeFi
903,0xd91ff16ef92568fc27f466c3c5613e43313ab1dc,DeFi
904,0x7d03cecb36820b4666f45e1b4ca2538724db271c,DeFi
905,0x43892992b0b102459e895b88601bb2c76736942c,DeFi
906,0x48b04d2a05b6b604d8d5223fd1984f191ded51af,DeFi
907,0xbcdf538581f7167ec8228ec2c9b1cfc2f74788c7,DeFi
908,0x394e524b47a3ab3d3327f7ff6629dc378c1494a3,DeFi
909,0xebd8aa50b26bfa63007d61eba777a9dde7e43c64,DeFi
910,0xa825cae02b310e9901b4776806ce25db520c8642,DeFi
911,0x3fb2f18065926ddb33e7571475c509541d15da0e,DeFi
912,0xeeeec06f48656e921b39e30d9a205cb2b08ea465,DeFi
913,0x09cabec1ead1c0ba254b09efb3ee13841712be14,DeFi
914,0xc0c59cde851bfcbdddd3377ec10ea54a18efb937,DeFi
915,0x8a8d7ad4b89d91983cd069c58c4aa9f2f4166298,DeFi
916,0xe9cf7887b93150d4f2da7dfc6d502b216438f244,DeFi
917,0x75681c9603957022657d9a79cd643b03d46d5d99,DeFi
918,0x1aec8f11a7e78dc22477e91ed924fab46e3a88fd,DeFi
919,0x3958b4ec427f8fa24eb60f42821760e88d485f7f,DeFi
920,0x22d8432cc7aa4f8712a655fc4cdfb1baec29fca9,DeFi
921,0x4e395304655f0796bc3bc63709db72173b9ddf98,DeFi
922,0x700520b1e2ccc5bf5fa89a5f7b8fd9beba3f04b0,DeFi
923,0x6ad0f063a0dbdeaded193f51a145113082f4904b,DeFi
924,0x8f90eba44f0cc95d4c9688e8a28e41d02a86ef0c,DeFi
925,0xd35bbf810f3822154628161d2cd5d3dd0734edc8,DeFi
926,0x2afc64cd5e64a32a363ea84b8cad1ce5239a1a3d,DeFi
927,0xb944d13b2f4047fc7bd3f7013bcf01b115fb260d,DeFi
928,0xc3c028721f854bc75967cbe432fb0e221908baa1,DeFi
929,0x755160062e3e09d34af0a00ff8cab8500e81e0d7,DeFi
930,0x03c341408d0edf502e702b9b24ec305819357c56,DeFi
931,0xa50d0f016b4820699eb6bd90449e8129bbe31d49,DeFi
932,0x88df13889e20efa93ff9a0c08f101f431bd9ddd7,DeFi
933,0x92fc8b525874bee082fedfc929e26add3f54003e,DeFi
934,0xf996d7d9bacb9217ca64bbce1b1cd72e0e886be6,DeFi
935,0x6bfa119a191576ba26bc5e711432aca0cfda04de,DeFi
936,0x6b4540f5ee32ddd5616c792f713435e6ee4f24ab,DeFi
937,0x505c02b4aa1286375fbdf0c390ac0fe9209dcb05,DeFi
938,0xb6cfbf322db47d39331e306005dc7e5e6549942b,DeFi
939,0xe28ffac44b0c430aa3e62a9bc211f7d825d6c1f9,DeFi
940,0x95e4649f5209dd292caf1f087b8f1db3be24927f,DeFi
941,0x5048b9d01097498fd72f3f14bc9bc74a5aac8fa7,DeFi
942,0xfc96e234d4b31c63051e707105fcc4aba37807fa,DeFi
943,0x28d9353611c5a0d5a026a648c05e5d6523e41cbf,DeFi
944,0x6264c8d158f32bd8c01b8a0102b57dfcfcfb8561,DeFi
945,0x8c871606331caff597ef08f59d6fd6b97d70ba7b,DeFi
946,0x97dec872013f6b5fb443861090ad931542878126,DeFi
947,0x7ef7191ab91ddb4d7cc347fbfa170355acbaf02d,DeFi
948,0x506d07722744e4a390cd7506a2ba1a8157e63745,DeFi
949,0xd01590bf566d070d4ce04743705e835f81ff77ca,DeFi
950,0x4d2f5cfba55ae412221182d8475bc85799a5644b,DeFi
951,0xa2881a90bf33f03e7a3f803765cd2ed5c8928dfb,DeFi
952,0x8de0d002dc83478f479dc31f76cb0a8aa7ccea17,DeFi
953,0x7b6e5278a14d5318571d65aced036d09c998c707,DeFi
954,0x7dc095a5cf7d6208cc680fa9866f80a53911041a,DeFi
955,0xae76c84c9262cdb9abc0c2c8888e62db8e22a0bf,DeFi
956,0x3fda51d218919b96a850e7b66d412a4604e4901d,DeFi
957,0x8926f5edeb4295ea37a4062507d776dbd120950f,DeFi
958,0xfbad8b6c66153a59f829c6a0903e4be2c6e7370c,DeFi
959,0x2872e9e9bcf2d31e82275e7256df3f77b4d59867,DeFi
960,0xbe99db4ea1964ea9a9e80de41517901da6ef9307,DeFi
961,0x606563f8dc27f316b77f22d14d9cd025b4f70469,DeFi
962,0x4c70d89a4681b2151f56dc2c3fd751abb9ce3d95,DeFi
963,0x90d0f7b0ed00171e6a51f5e7899422e2e76ef9c6,DeFi
964,0xad870b277b3f74f42965ed9bb9e737ca5ffac709,DeFi
965,0xbabca054601705200b4e64a82b46a08a85623b45,DeFi
966,0xd04ca0ae1cd8085438fdd8c22a76246f315c2687,DeFi
967,0xdef7978959623ffb12e276dbda7530ec0bb6586a,DeFi
968,0x36691c4f426eb8f42f150ebde43069a31cb080ad,DeFi
969,0xa6baaed2053058a3c8f11e0c7a9716304454b09e,DeFi
970,0x7173e7c8c35ef0fa6df11b23bb717f886fbd50b5,DeFi
971,0x91ef6ac5c32b915f2f814ad20535097e83b181e0,DeFi
972,0xba6ae38c696148944b5211e5a63ecef34d63a63f,DeFi
973,0xc7fba841c48e84d26108b494d7bab4b2697cc278,DeFi
974,0xff18ed6b5aa397b20fa28b276124ec912a511491,DeFi
975,0x46c4e79ac9e39bcc1687c9b8f5167d235a80a74d,DeFi
976,0x6a61da5e3e26e38029f36282331f2e6b2624b202,DeFi
977,0xc3c94c3f602e9b6991157bc223c9269d499019e2,DeFi
978,0x3d924e39d2362c7d9e0bf2fe0e999688a2185fde,DeFi
979,0xc176b7afa76d57a3fa7050442f4fe7f1b9755d0a,DeFi
980,0x8abf37c0ce29e4f64f17865d23b08dd5c7dfeca6,DeFi
981,0x5d389106ae7bb313d7ec39f71d8f825ed17d7ba1,DeFi
982,0xc54df9fbe4212289ccb4d08546ba928cec7f9426,DeFi
983,0xd5320f3757c7db376f9f09ba7e05ba37c2bdd0cb,DeFi
984,0xa35f3acb4d6c43e6f9a1c2d8c136ad4be725152f,DeFi
985,0xe18eae95377773cae3272c219f38b8f1af8cd1ca,DeFi
986,0xc1d89236ed82c2edf997e09c8c2314bec254cb57,DeFi
987,0xb9c3533c1012cbe0c860b4db8fc420444c490e4d,DeFi
988,0x080d24749e4032300b82353512277c21d5aba69e,DeFi
989,0x2fba0b21a553f0f268293be7abb07a54fffd2b02,DeFi
990,0x4316e3ad83ca2cf0ea5e3b25e3de2fa7f93cfe9c,DeFi
991,0xf3e646006bf1ddce3dcf2981a3dfdff50b74aab9,DeFi
992,0x04c6daf9c3fea6ac055d20f76ef88361986366eb,DeFi
993,0x0cf067e39ea05a451487650d2ef3cf8ebbf6b960,DeFi
994,0x1052382f04f1f20c277ee4c328777ee314b3c238,DeFi
995,0x1d6cbd79054b89ade7d840d1640a949ea82b7639,DeFi
996,0x2d1a395b664cc31906aabb4bba9d73321db3d70b,DeFi
997,0x3859127d3452dadfb44926b0566f3e2dba030767,DeFi
998,0x3c840268c90271bb65cb251b11f8774e60e5689a,DeFi
999,0x49739039b72066bde4af3f5405afce843e7ff836,DeFi
1000,0x4d2caf78d4c4fb17d41754cb44e3a631b81ff7c2,DeFi
1001,0x4fffc380176a799d77c2dc898dccf7ae795eaaac,DeFi
1002,0x55871127fe941e290df212a1204dc5d41257c778,DeFi
1003,0x5fff4cf138eb7ec48ea020fe3a2abc3692fb843d,DeFi
1004,0x6d8ff9bc86c8693bbea9dc5e2c338e903bd4e474,DeFi
1005,0x70673ff7f6829bfd11c5fa67b70757e8cf51fc60,DeFi
1006,0x7f5e64489e9bf8ea093d73c479921ff89b1c98ea,DeFi
1007,0x8645b4b64569719377ef890a0fe5d2d61e6f2f95,DeFi
1008,0x868ec7f5c90d61bb254415ff1c391d107bb5ce13,DeFi
1009,0x95a222fd7ff6765a1177ebb53266c9673fffced4,DeFi
1010,0x982511b3dba65d16590df4ea4ded46da9c416df9,DeFi
1011,0x9a204ee88decc65dc126e67b9a900776c40cb395,DeFi
1012,0xc3f9498f63e292c6c3d3468dea3c7099a94eac16,DeFi
1013,0xc8c876f5d36f613fcca87d365e9c079ad3a7875a,DeFi
1014,0xce78e435537ce3d491eb1c208f08bce67fcc74fa,DeFi
1015,0xce95a6b126710c8430f4393c7d09ca31cd8c7163,DeFi
1016,0xd921bb8a3d5e3a9e05faee28656e40459d6e82f7,DeFi
1017,0xdfe8c869aaa1ec14c968ed87ffc8f7f8323a2c10,DeFi
1018,0xe13159301215b4e7c603bcfcbf5bb70bd378f5be,DeFi
1019,0x40706a6cdfeb61817eadf7766edb6724065088cc,DeFi
1020,0xa3c3c3ceabb9a73dc3cb983c8b6db999e1348ace,DeFi
1021,0x348ea40ad7c9b6ff96ab29224093397328f89298,DeFi
1022,0x6d26f97ccdc9d2e1f0a905ec8593109c031f7e32,DeFi
1023,0xb260687cc277c0bff48c9c482c16bc62f4eba927,DeFi
1024,0xeee503b78e96f24c47c9ad8c287990e51697a99c,DeFi
1025,0x4edbac5c8cb92878dd3fd165e43bbb8472f34c3f,DeFi
1026,0x1bca809593f99853a42ea8d5f1b78ee6186f30e2,DeFi
1027,0xb4e16d0168e52d35cacd2c6185b44281ec28c9dc,DeFi
1028,0xdaf03192b788deeb47bea62769f65e514c5da708,DeFi
1029,0x0977ccd223e2c02553f144970ad8b26ab39e33e4,DeFi
1030,0x4e03b34fde801ade87d69205dfe95807a4de3cd9,DeFi
1031,0x5cdf390249e908b637e6915b4c698b1e7481c6e2,DeFi
1032,0x9eb7edcb32793599a31bf78224bc0ea3318cc726,DeFi
1033,0xcdac39c49715f1caf3d36d3ccd9d8f7c9f7af91f,DeFi
1034,0x0ebdb778b88d73b2c513b53849724d8f30363cc2,DeFi
1035,0x75339bc10044e888b8635178a5752644a61f5217,DeFi
1036,0xacf67d1e1c833da0f0892e477795b35a726a71a8,DeFi
1037,0xff92ada50cdc8009686867b4a470c8769bedb22d,DeFi
1038,0x35d1b3f3d7966a1dfe207aa4514c12a259a0492b,DeFi
1039,0xd55684f4369040c12262949ff78299f2bc9db735,DeFi
1040,0xf617346a0fb6320e9e578e0c9b2a4588283d9d39,DeFi
1041,0xa950524441892a31ebddf91d3ceefa04bf454466,DeFi
1042,0x975f1bc238303593efab00d63cf0fc5f519a8de0,DeFi
1043,0xed03415e5705c5abbf8e94c491b715df526cad55,DeFi
1044,0x2c3a2558e9b91e893e53bce94de3457a29f6b262,DeFi
1045,0xaeccd58001d52b4b931fd6fd5bf87d4f911100b7,DeFi
1046,0x08130635368aa28b217a4dfb68e1bf8dc525621c,Dex
1047,0xd8a8843b0a5aba6b030e92b3f4d669fad8a5be50,Dex
1048,0x27054b13b1b798b345b591a4d22e6562d47ea75a,Dex
1049,0xb1ed41dc1fe9b723a31137afdd1201d17917fe91,Dex
1050,0x9ec251401eafb7e98f37a1d911c0aea02cb63a80,Dex
1051,0x66e5dbc7fece1d31eb60af8cfa0563ec0d1a81bd,Dex
1052,0x283669123bd83da2536bb534e20512101c18e5d8,Dex
1053,0x8d10e4b59db263ef4e7b88fcaacfc9ecb821a962,Dex
1054,0xf4065e4477e91c177ded71a7a6fb5ee07dc46bc9,Dex
1055,0x20e94867794dba030ee287f1406e100d03c84cd3,Dex
1056,0x6d38574be6c230272daad16fa5f291f825bd0da1,Dex
1057,0xff0677aa319585fecd5b06a0bae4d918422ce0e5,Dex
1058,0x1c1c14a6b5074905ce5d367b0a7e098b58ebfd47,Dex
1059,0x9ae559ac062de221eb5198d90c27e45e85fcaab2,Dex
1060,0x9af839687f6c94542ac5ece2e317daae355493a1,Dex
1061,0xcc13fc627effd6e35d2d2706ea3c4d7396c610ea,Dex
1062,0xb705268213d593b8fd88d3fdeff93aff5cbdcfae,Dex
1063,0xdde12a12a6f67156e0da672be05c374e1b0a3e57,Dex
1064,0x082280b4ae1a9e552555c256124de96fab63159b,Dex
1065,0xbe6c8f2810ef39420d2dc2901b8414c8c45fee6d,Dex
1066,0xd26114cd6ee289accf82350c8d8487fedb8a0c07,Dex
1067,0xa960d2ba7000d58773e7fa5754dec3bb40a069d5,Dex
1068,0x701c244b988a513c945973defa05de933b23fe1d,Dex
1069,0xb9440022a095343b440d590fcd2d7a3794bd76c8,Dex
1070,0xdf44a80c17813789f60090638827aeb23698b122,Dex
1071,0xf5ed2dc77f0d1ea7f106ecbd1850e406adc41b51,Dex
1072,0x6531f133e6deebe7f2dce5a0441aa7ef330b4e53,Dex
1073,0xe41d2489571d322189246dafa5ebde1f4699f498,Dex
1074,0x11111254369792b2ca5d084ab5eea397ca8fa48b,Dex
1075,0xe8fff15bb5e14095bfdfa8bb85d83cc900c23c56,Dex
1076,0x4572f2554421bd64bef1c22c8a81840e8d496bea,Dex
1077,0xdc1882f350b42ac9a23508996254b1915c78b204,Dex
1078,0xff6b1cdfd2d3e37977d7938aa06b6d89d6675e27,Dex
1079,0x0e8ba001a821f3ce0734763d008c9d7c957f5852,Dex
1080,0xc898fbee1cc94c0ff077faa5449915a506eff384,Dex
1081,0x3c020e014069df790d4f4e63fd297ba4e1c8e51f,Dex
1082,0x39fbd1140cd1fc298f00c3ea64b3591de94c67e7,Dex
1083,0xb5adb233f28c86cef693451b67e1f2d41da97d21,Dex
1084,0xe269e891a2ec8585a378882ffa531141205e92e9,Dex
1085,0x49497a4d914ae91d34ce80030fe620687bf333fd,Dex
1086,0xaf8ae6955d07776ab690e565ba6fbc79b8de3a5d,Dex
1087,0xd3bed3a8e3e6b24b740ead108ba776e0ad298588,Dex
1088,0x932348df588923ba3f1fd50593b22c4e2a287919,Dex
1089,0xa540fb50288cc31639305b1675c70763c334953b,Dex
1090,0x745daa146934b27e3f0b6bff1a6e36b9b90fb131,Dex
1092,0x000000000000541e251335090ac5b47176af4f7e,Dex
1093,0x7600977eb9effa627d6bd0da2e5be35e11566341,Dex
1094,0x268be5667d4e5bd036bd608d0601ef1441604429,Dex
1095,0x58a5959a6c528c5d5e03f7b9e5102350e24005f1,Dex
1096,0x4aea7cf559f67cedcad07e12ae6bc00f07e8cf65,Dex
1097,0x8d12a197cb00d4747a1fe03395095ce2a5cc6819,Dex
1098,0xa5cc679a3528956e8032df4f03756c077c1ee3f4,Dex
1099,0x2a0c0dbecc7e4d658f48e01e3fa353f44050c208,Dex
1100,0xa7a7899d944fe658c4b0a1803bab2f490bd3849e,Dex
1101,0x2cc42d1cd65af27cc999e41ef93d1a763dc821f8,Dex
1102,0x04f062809b244e37e7fdc21d9409469c989c2342,Dex
1103,0x4524baa98f9a3b9dec57caae7633936ef96bd708,Dex
1104,0xc692453625023c6e03fec04158ea31ab4de2650a,Dex
1105,0x37c4bcaba4bcf3a605414236b8b108f160eb45a6,Dex
1106,0x8d1c1571367a148e92d6ac83494b1bdf3b497d07,Dex
1107,0x944644ea989ec64c2ab9ef341d383cef586a5777,Dex
1108,0x51a2b1a38ec83b56009d5e28e6222dbb56c23c22,Dex
1109,0x794e6e91555438afc3ccf1c5076a74f42133d08d,Dex
1110,0xc22d5b2951db72b44cfb8089bb8cd374a3c354ea,Dex
1111,0xd2045edc40199019e221d71c0913343f7908d0d5,Dex
1112,0xf92c1ad75005e6436b4ee84e88cb23ed8a290988,Dex
1113,0xa258b39954cef5cb142fd567a46cddb31a670124,Dex
1114,0x1f0d1de1558582ad6f13763f477119a1455502af,Dex
1115,0xaa5bbd5a177a588b9f213505ca3740b444dbd586,Dex
1116,0x55890b06f0877a01bb5349d93b202961f8e27a9b,Dex
1117,0x9a2d163ab40f88c625fd475e807bbc3556566f80,Dex
1118,0x0681e844593a051e2882ec897ecd5444efe19ff2,Dex
1119,0x7ee7ca6e75de79e618e88bdf80d0b1db136b22d0,Dex
1120,0x7219612be7036d1bfa933e16ca1246008f38c5fe,Dex
1121,0x1ce7ae555139c5ef5a57cc8d814a867ee6ee33d8,Dex
1122,0x5e150a33ffa97a8d22f59c77ae5487b089ef62e9,Dex
1123,0xdc6c91b569c98f9f6f74d90f9beff99fdaf4248b,Dex
1124,0x77208a6000691e440026bed1b178ef4661d37426,Dex
1125,0xbd2a43799b83d9d0ff56b85d4c140bce3d1d1c6c,Dex
1126,0xd97d09f3bd931a14382ac60f156c1285a56bb51b,Dex
1128,0x05f51aab068caa6ab7eeb672f88c180f67f17ec7,Exchange
1129,0x2ddd202174a72514ed522e77972b461b03155525,Exchange
1130,0xf0c80fb9fb22bef8269cb6feb9a51130288a671f,Exchange
1131,0x94597850916a49b3b152ee374e97260b99249f5b,Exchange
1132,0x4df5f3610e2471095a130d7d934d551f3dde01ed,Exchange
1133,0xadb72986ead16bdbc99208086bd431c1aa38938e,Exchange
1134,0x7a10ec7d68a048bdae36a70e93532d31423170fa,Exchange
1135,0xce1bf8e51f8b39e51c6184e059786d1c0eaf360f,Exchange
1136,0xf73c3c65bde10bf26c2e1763104e609a41702efe,Exchange
1137,0x0bb5de248dbbd31ee6c402c3c4a70293024acf74,Exchange
1138,0xed5cdb0d02152046e6f234ad578613831b9184d4,Exchange
1139,0xa30d8157911ef23c46c0eb71889efe6a648a41f7,Exchange
1140,0x6eff3372fa352b239bb24ff91b423a572347000d,Exchange
1141,0xf7793d27a1b76cdf14db7c83e82c772cf7c92910,Exchange
1142,0xcce8d59affdd93be338fc77fa0a298c2cb65da59,Exchange
1143,0x3f5ce5fbfe3e9af3971dd833d26ba9b5c936f0be,Exchange
1144,0xd551234ae421e3bcba99a0da6d736074f22192ff,Exchange
1145,0x564286362092d8e7936f0549571a803b203aaced,Exchange
1146,0x0681d8db095565fe8a346fa0277bffde9c0edbbf,Exchange
1147,0xfe9e8709d3215310075d67e3ed32a380ccf451c8,Exchange
1148,0x4e9ce36e442e55ecd9025b9a6e0d88485d628a67,Exchange
1149,0xbe0eb53f46cd790cd13851d5eff43d12404d33e8,Exchange
1150,0xf977814e90da44bfa03b6295a0616a897441acec,Exchange
1151,0x001866ae5b3de6caa5a51543fd9fb64f524f5478,Exchange
1152,0xab83d182f3485cf1d6ccdd34c7cfef95b4c08da4,Exchange
1153,0x4b729cf402cfcffd057e254924b32241aedc1795,Exchange
1154,0x7c49e1c0e33f3efb57d64b7690fa287c8d15b90a,Exchange
1155,0x5d375281582791a38e0348915fa9cbc6139e9c2a,Exchange
1156,0x28ebe764b8f9a853509840645216d3c2c0fd774b,Exchange
1157,0x1151314c646ce4e0efd76d1af4760ae66a9fe30f,Exchange
1158,0x742d35cc6634c0532925a3b844bc454e4438f44e,Exchange
1159,0x876eabf441b2ee5b5b0554fd502a8e0600950cfa,Exchange
1160,0xab7c74abc0c4d48d1bdad5dcb26153fc8780f83e,Exchange
1161,0xc6cde7c39eb2f0f0095f41570af89efc2c1ea828,Exchange
1162,0xdf5021a4c1401f1125cd347e394d977630e17cf7,Exchange
1163,0x88d34944cf554e9cccf4a24292d891f620e9c94f,Exchange
1164,0x186549a4ae594fc1f70ba4cffdac714b405be3f9,Exchange
1165,0xd273bd546b11bd60214a2f9d71f22a088aafe31b,Exchange
1166,0x3052cd6bf951449a984fe4b5a38b46aef9455c8e,Exchange
1167,0x2140efd7ba31169c69dfff6cdc66c542f0211825,Exchange
1168,0xa0ff1e0f30b5dda2dc01e7e828290bc72b71e57d,Exchange
1169,0xc1da8f69e4881efe341600620268934ef01a3e63,Exchange
1170,0xb4460b75254ce0563bb68ec219208344c7ea838c,Exchange
1171,0x15878e87c685f866edfaf454be6dc06fa517b35b,Exchange
1172,0x31d03f07178bcd74f9099afebd23b0ae30184ab5,Exchange
1173,0xed48dc0628789c2956b1e41726d062a86ec45bff,Exchange
1174,0x3fbe1f8fc5ddb27d428aa60f661eaaab0d2000ce,Exchange
1175,0xe79eef9b9388a4ff70ed7ec5bccd5b928ebb8bd1,Exchange
1176,0x03bdf69b1322d623836afbd27679a1c0afa067e9,Exchange
1177,0x4b1a99467a284cc690e3237bc69105956816f762,Exchange
1178,0x986a2fca9eda0e06fbf7839b89bfc006ee2a23dd,Exchange
1179,0x00bdb5699745f5b860228c8f939abf1b9ae374ed,Exchange
1180,0x1522900b6dafac587d499a862861c0869be6e428,Exchange
1181,0x9a9bed3eb03e386d66f8a29dc67dc29bbb1ccb72,Exchange
1182,0x059799f2261d37b829c2850cee67b5b975432271,Exchange
1183,0x4c766def136f59f6494f0969b1355882080cf8e0,Exchange
1184,0xc5b611f502a0dcf6c3188fd494061ae29b2baa4f,Exchange
1185,0x1b8a38ea02ceda9440e00c1aeba26ee2dc570423,Exchange
1186,0xfbb1b73c4f0bda4f67dca266ce6ef42f520fbb98,Exchange
1187,0xe94b04a0fed112f3664e45adb2b8915693dd5ff3,Exchange
1188,0x66f820a414680b5bcda5eeca5dea238543f42054,Exchange
1189,0xaa90b4aae74cee41e004bc45e45a427406c4dcae,Exchange
1190,0xf8d04a720520d0bcbc722b1d21ca194aa22699f2,Exchange
1191,0xfb9f7f41319157ac5c5dccae308a63a4337ad5d9,Exchange
1192,0x00cdc153aa8894d08207719fe921fff964f28ba3,Exchange
1193,0x007174732705604bbbf77038332dc52fd5a5000c,Exchange
1194,0x1c00d840ccaa67c494109f46e55cfeb2d8562f5c,Exchange
1195,0x73957709695e73fd175582105c44743cf0fb6f2f,Exchange
1196,0xd7c866d0d536937bf9123e02f7c052446588189f,Exchange
1197,0x4dc98c79a52968a6c20ce9a7a08d5e8d1c2d5605,Exchange
1198,0x88988d6ef12d7084e34814b9edafa01ae0d05082,Exchange
1199,0x72bcfa6932feacd91cb2ea44b0731ed8ae04d0d3,Exchange
1200,0x7a56f645dcb513d0326cbaa048e9106ff6d4cd5f,Exchange
1201,0xfd648cc72f1b4e71cbdda7a0a91fe34d32abd656,Exchange
1202,0x96fc4553a00c117c5b0bed950dd625d1c16dc894,Exchange
1203,0x8958618332df62af93053cb9c535e26462c959b0,Exchange
1204,0xb726da4fbdc3e4dbda97bb20998cf899b0e727e0,Exchange
1205,0x9539e0b14021a43cde41d9d45dc34969be9c7cb0,Exchange
1206,0x33683b94334eebc9bd3ea85ddbda4a86fb461405,Exchange
1207,0xb6ba1931e4e74fd080587688f6db10e830f810d5,Exchange
1208,0xb9ee1e551f538a464e8f8c41e9904498505b49b0,Exchange
1209,0x4b01721f0244e7c5b5f63c20942850e447f5a5ee,Exchange
1210,0xd4bddf5e3d0435d7a6214a0b949c7bb58621f37c,Exchange
1211,0xf2d4766ad705e3a5c9ba5b0436b473085f82f82f,Exchange
1212,0xa270f3ad1a7a82e6a3157f12a900f1e25bc4fbfd,Exchange
1213,0x167a9333bf582556f35bd4d16a7e80e191aa6476,Exchange
1214,0x1e2fcfd26d36183f1a5d90f0e6296915b02bcb40,Exchange
1215,0xd0808da05cc71a9f308d330bc9c5c81bbc26fc59,Exchange
1216,0x0d6b5a54f940bf3d52e438cab785981aaefdf40c,Exchange
1217,0xd1560b3984b7481cd9a8f40435a53c860187174d,Exchange
1218,0x521db06bf657ed1d6c98553a70319a8ddbac75a3,Exchange
1219,0x5baeac0a0417a05733884852aa068b706967e790,Exchange
1220,0x2984581ece53a4390d1f568673cf693139c97049,Exchange
1221,0xe17ee7b3c676701c66b395a35f0df4c2276a344e,Exchange
1222,0x2101e480e22c953b37b9d0fe6551c1354fe705e6,Exchange
1223,0xf1c525a488a848b58b95d79da48c21ce434290f7,Exchange
1224,0x8d76166c22658a144c0211d87abf152e6a2d9d95,Exchange
1225,0xd3808c5d48903be1490989f3fce2a2b3890e8eb6,Exchange
1226,0x1fd6267f0d86f62d88172b998390afee2a1f54b6,Exchange
1227,0xd7b9a9b2f665849c4071ad5af77d8c76aa30fb32,Exchange
1228,0x94fe3ad91dacba8ec4b82f56ff7c122181f1535d,Exchange
1229,0x915d7915f2b469bb654a7d903a5d4417cb8ea7df,Exchange
1230,0x4e5b2e1dc63f6b91cb6cd759936495434c7e972f,Exchange
1231,0x14301566b9669b672878d86ff0b1d18dd58054e9,Exchange
1232,0x91e18ee76483fa2ec5cfe2959df46673c2565be0,Exchange
1233,0x0021845f4c2604c58f9ba5b7bff58d16a2ab372c,Exchange
1234,0x2faf487a4414fe77e2327f0bf4ae2a264a776ad2,Exchange
1235,0x0d0707963952f2fba59dd06f2b425ace40b492fe,Exchange
1236,0x7793cd85c11a924478d358d49b05b37e91b5810f,Exchange
1237,0x1c4b70a3968436b9a0a9cf5205c787eb81bb558c,Exchange
1238,0xd793281182a0e3e023116004778f45c29fc14f19,Exchange
1239,0x9f5ca0012b9b72e8f3db57092a6f26bf4f13dc69,Exchange
1240,0xd24400ae8bfebb18ca49be86258a3c749cf46853,Exchange
1241,0x6fc82a5fe25a5cdb58bc74600a40a69c065263f8,Exchange
1242,0x61edcdf5bb737adffe5043706e7c5bb1f1a56eea,Exchange
1243,0x07ee55aa48bb72dcc6e9d78256648910de513eca,Exchange
1244,0x9fb01a2584aac5aae3fab1ed25f86c5269b32999,Exchange
1245,0x9c67e141c0472115aa1b98bd0088418be68fd249,Exchange
1246,0x59a5208b32e627891c389ebafc644145224006e8,Exchange
1247,0xa12431d0b9db640034b0cdfceef9cce161e62be4,Exchange
1248,0x980a4732c8855ffc8112e6746bd62095b4c2228f,Exchange
1249,0x274f3c32c90517975e29dfc209a23f315c1e5fc7,Exchange
1250,0x8533a0bd9310eb63e7cc8e1116c18a3d67b1976a,Exchange
1251,0xab5c66752a9e8167967685f1450532fb96d5d24f,Exchange
1252,0xe93381fb4c4f14bda253907b18fad305d799241a,Exchange
1253,0xfa4b5be3f2f84f56703c42eb22142744e95a2c58,Exchange
1254,0x46705dfff24256421a05d056c29e81bdc09723b8,Exchange
1255,0x32598293906b5b17c27d657db3ad2c9b3f3e4265,Exchange
1256,0x5861b8446a2f6e19a067874c133f04c578928727,Exchange
1257,0x926fc576b7facf6ae2d08ee2d4734c134a743988,Exchange
1258,0xeec606a66edb6f497662ea31b5eb1610da87ab5f,Exchange
1259,0x7ef35bb398e0416b81b019fea395219b65c52164,Exchange
1260,0x229b5c097f9b35009ca1321ad2034d4b3d5070f6,Exchange
1261,0xd8a83b72377476d0a66683cde20a8aad0b628713,Exchange
1262,0x6748f50f686bfbca6fe8ad62b22228b87f31ff2b,Exchange
1263,0x90e9ddd9d8d5ae4e3763d0cf856c97594dea7325,Exchange
1264,0x18916e1a2933cb349145a280473a5de8eb6630cb,Exchange
1265,0x6f48a3e70f0251d1e83a989e62aaa2281a6d5380,Exchange
1266,0xf056f435ba0cc4fcd2f1b17e3766549ffc404b94,Exchange
1267,0x137ad9c4777e1d36e4b605e745e8f37b2b62e9c5,Exchange
1268,0x5401dbf7da53e1c9dbf484e3d69505815f2f5e6e,Exchange
1269,0x034f854b44d28e26386c1bc37ff9b20c6380b00d,Exchange
1270,0x0577a79cfc63bbc0df38833ff4c4a3bf2095b404,Exchange
1271,0x0c6c34cdd915845376fb5407e0895196c9dd4eec,Exchange
1272,0x794d28ac31bcb136294761a556b68d2634094153,Exchange
1273,0xfdb16996831753d5331ff813c29a93c76834a0ad,Exchange
1274,0xfd54078badd5653571726c3370afb127351a6f26,Exchange
1275,0xb4cd0386d2db86f30c1a11c2b8c4f4185c1dade9,Exchange
1276,0x4d77a1144dc74f26838b69391a6d3b1e403d0990,Exchange
1277,0x28ffe35688ffffd0659aee2e34778b0ae4e193ad,Exchange
1278,0xcac725bef4f114f728cbcfd744a731c2a463c3fc,Exchange
1279,0x73f8fc2e74302eb2efda125a326655acf0dc2d1b,Exchange
1280,0xeee28d484628d41a82d01e21d12e2e78d69920da,Exchange
1281,0x5c985e89dde482efe97ea9f1950ad149eb73829b,Exchange
1282,0xdc76cd25977e0a5ae17155770273ad58648900d3,Exchange
1283,0xadb2b42f6bd96f5c65920b9ac88619dce4166f94,Exchange
1284,0xa8660c8ffd6d578f657b72c0c811284aef0b735e,Exchange
1285,0x1062a747393198f70f71ec65a582423dba7e5ab3,Exchange
1286,0x3c11c3025ce387d76c2eddf1493ec55a8cc2a0f7,Exchange
1287,0x51836a753e344257b361519e948ffcaf5fb8d521,Exchange
1288,0x9cbadd5ce7e14742f70414a6dcbd4e7bb8712719,Exchange
1289,0xb1a34309af7f29b4195a6b589737f86e14597ddc,Exchange
1290,0xf09ff5eb57a3c8880934201c91eefbd1ace72033,Exchange
1291,0x2910543af39aba0cd09dbb2d50200b3e800a63d2,Exchange
1292,0x0a869d79a7052c7f1b55a8ebabbea3420f0d1e13,Exchange
1293,0xe853c56864a2ebe4576a807d26fdc4a0ada51919,Exchange
1294,0x267be1c1d684f78cb4f6a176c4911b741e4ffdc0,Exchange
1295,0xfa52274dd61e1643d2205169732f29114bc240b3,Exchange
1296,0xe8a0e282e6a3e8023465accd47fae39dd5db010b,Exchange
1297,0x629a7144235259336ea2694167f3c8b856edd7dc,Exchange
1298,0x30b71d015f60e2f959743038ce0aaec9b4c1ea44,Exchange
1299,0x2b5634c42055806a59e9107ed44d43c426e58258,Exchange
1300,0x689c56aef474df92d44a1b70850f808488f9769c,Exchange
1301,0xea81ce54a0afa10a027f65503bd52fba83d745b8,Exchange
1302,0x0861fca546225fbf8806986d211c8398f7457734,Exchange
1303,0x7891b20c690605f4e370d6944c8a5dbfac5a451c,Exchange
1304,0x1b6c1a0e20af81b922cb454c3e52408496ee7201,Exchange
1305,0x8271b2e8cbe29396e9563229030c89679b9470db,Exchange
1306,0x5e575279bf9f4acf0a130c186861454247394c06,Exchange
1307,0xedbb72e6b3cf66a792bff7faac5ea769fe810517,Exchange
1308,0x243bec9256c9a3469da22103891465b47583d9f1,Exchange
1309,0xe03c23519e18d64f144d2800e30e81b0065c48b5,Exchange
1310,0x75e89d5979e4f6fba9f97c104c2f0afb3f1dcb88,Exchange
1311,0x0211f3cedbef3143223d3acf0e589747933e8527,Exchange
1312,0xae7006588d03bd15d6954e3084a7e644596bc251,Exchange
1313,0x6cc5f688a315f3dc28a7781717a9a798a59fda7b,Exchange
1314,0x236f9f97e0e62388479bf9e5ba4889e46b0273c3,Exchange
1315,0xa7efae728d2936e78bda97dc267687568dd593f3,Exchange
1316,0x03e3ff995863828554282e80870b489cc31dc8bc,Exchange
1317,0xaeec6f5aca72f3a005af1b3420ab8c8c7009bac8,Exchange
1318,0xbd8ef191caa1571e8ad4619ae894e07a75de0c35,Exchange
1319,0x2bb97b6cf6ffe53576032c11711d59bd056830ee,Exchange
1320,0xfb90501083a3b6af766c8da35d3dde01eb0d2a68,Exchange
1321,0xabc74170f3cb8ab352820c39cc1d1e05ce9e41d3,Exchange
1322,0xd4dcd2459bb78d7a645aa7e196857d421b10d93f,Exchange
1323,0x32be343b94f860124dc4fee278fdcbd38c102d88,Exchange
1324,0x209c4784ab1e8183cf58ca33cb740efbf3fc18ef,Exchange
1325,0xb794f5ea0ba39494ce839613fffba74279579268,Exchange
1326,0xa910f92acdaf488fa6ef02174fb86208ad7722ba,Exchange
1327,0xaa9fa73dfe17ecaa2c89b39f0bb2779613c5fc3b,Exchange
1328,0x2fa2bc2ce6a4f92952921a4caa46b3727d24a1ec,Exchange
1329,0x31a2feb9b5d3b5f4e76c71d6c92fc46ebb3cb1c1,Exchange
1330,0x6b71834d65c5c4d8ed158d54b47e6ea4ff4e5437,Exchange
1331,0x48d466b7c0d32b61e8a82cd2bcf060f7c3f966df,Exchange
1332,0x0536806df512d6cdde913cf95c9886f65b1d3462,Exchange
1333,0x8d451ae5ee8f557a9ce7a9d7be8a8cb40002d5cb,Exchange
1334,0xbd2ec7c608a06fe975dbdca729e84dedb34ecc21,Exchange
1335,0xc0e30823e5e628df8bc9bf2636a347e1512f0ecb,Exchange
1336,0x65f9b2e4d7aaeb40ffea8c6f5844d5ad7da257e0,Exchange
1337,0x36b01066b7fa4a0fdb2968ea0256c848e9135674,Exchange
1338,0xab11204cfeaccffa63c2d23aef2ea9accdb0a0d5,Exchange
1339,0x6795cf8eb25585eadc356ae32ac6641016c550f2,Exchange
1340,0xfbf2173154f7625713be22e0504404ebfe021eae,Exchange
1341,0x6f803466bcd17f44fa18975bf7c509ba64bf3825,Exchange
1342,0xead6be34ce315940264519f250d8160f369fa5cd,Exchange
1343,0xd344539efe31f8b6de983a0cab4fb721fc69c547,Exchange
1344,0x5ca39c42f4dee3a5ba8fec3ad4902157d48700bf,Exchange
1345,0x2a048d9a8ffdd239f063b09854976c3049ae659c,Exchange
1346,0xb8cf411b956b3f9013c1d0ac8c909b086218207c,Exchange
1347,0x2819c144d5946404c0516b6f817a960db37d4929,Exchange
1348,0x120a270bbc009644e35f0bb6ab13f95b8199c4ad,Exchange
1349,0x9e6316f44baeeee5d41a1070516cc5fa47baf227,Exchange
1350,0x70faa28a6b8d6829a4b1e649d26ec9a2a39ba413,Exchange
1351,0x563b377a956c80d77a7c613a9343699ad6123911,Exchange
1352,0xd3273eba07248020bf98a8b560ec1576a612102f,Exchange
1353,0x3b0bc51ab9de1e5b7b6e34e5b960285805c41736,Exchange
1354,0xeed16856d551569d134530ee3967ec79995e2051,Exchange
1355,0x324cc2c9fb379ea7a0d1c0862c3b48ca28d174a4,Exchange
1356,0x91f6d99b232153cb655ad3e0d05e13ef505f6cd5,Exchange
1357,0xe855283086fbee485aecf2084345a91424c23954,Exchange
1358,0xa96b536eef496e21f5432fd258b6f78cf3673f74,Exchange
1359,0xea3a46bd1dbd0620d80037f70d0bf7c7dc5a837c,Exchange
1360,0xed8204345a0cf4639d2db61a4877128fe5cf7599,Exchange
1361,0x3613ef1125a078ef96ffc898c4ec28d73c5b8c52,Exchange
1362,0x0a73573cf2903d2d8305b1ecb9e9730186a312ae,Exchange
1363,0x0068eb681ec52dbd9944517d785727310b494575,Exchange
1364,0xb2cc3cdd53fc9a1aeaf3a68edeba2736238ddc5d,Exchange
1365,0x1119aaefb02bf12b84d28a5d8ea48ec3c90ef1db,Exchange
1366,0x2f1233ec3a4930fd95874291db7da9e90dfb2f03,Exchange
1367,0x390de26d772d2e2005c6d1d24afc902bae37a4bb,Exchange
1368,0xba826fec90cefdf6706858e5fbafcb27a290fbe0,Exchange
1369,0x5e032243d507c743b061ef021e2ec7fcc6d3ab89,Exchange
1370,0xb436c96c6de1f50a160ed307317c275424dbe4f2,Exchange
1371,0xf5bec430576ff1b82e44ddb5a1c93f6f9d0884f3,Exchange
1372,0x8f3ab2c3b651382b07a76653d2be9eb4b87e1630,Exchange
1373,0xd94c9ff168dc6aebf9b6cc86deff54f3fb0afc33,Exchange
1374,0x42da8a05cb7ed9a43572b5ba1b8f82a0a6e263dc,Exchange
1375,0x700f6912e5753e91ea3fae877a2374a2db1245d7,Exchange
1376,0x60d0cc2ae15859f69bf74dadb8ae3bd58434976b,Exchange
1377,0x606af0bd4501855914b50e2672c5926b896737ef,ICO Wallets
1378,0x01d9f4d104668cdc0b6d13c45dff5e15d58d8f28,ICO Wallets
1379,0x15c19e6c203e2c34d1edfb26626bfc4f65ef96f0,ICO Wallets
1380,0xfba4d50cab44f13102c0e270721e1cbefebd8922,ICO Wallets
1381,0x7d5d58560819c172e45b46c0965bbda5a8895f80,ICO Wallets
1382,0xebbd58cd1c31c08ef7a17337c264ba502762e993,ICO Wallets
1383,0xcf7787ca25010d3dbfa2ccc32ea58d2160290ef4,ICO Wallets
1384,0x9e1836e45e88c92926105910d4a5988a1f677181,ICO Wallets
1385,0x71e7c73375efbefdf7b4be67e768d9038dde2488,ICO Wallets
1386,0xcafe1a77e84698c83ca8931f54a755176ef75f2c,ICO Wallets
1387,0x8d9d0bd75319a3780d3cab012759efbae334291b,ICO Wallets
1388,0x126d407584cf73ba5d15102bab0e578a64cca3f1,ICO Wallets
1389,0x36e6dadc5a045a86dbc9ecfeda5c459784d3537f,ICO Wallets
1390,0x7bb187351421c3affda57c7a5132e304f73167c8,ICO Wallets
1391,0xa04fc9bd2be8bcc6875d9ebb964e8f858bcc1b4f,ICO Wallets
1392,0x035a401972f228b58dcae76bf318b54ed036d680,ICO Wallets
1393,0x5894110995b8c8401bd38262ba0c8ee41d4e4658,ICO Wallets
1394,0x67e4bbe50fbc74633dfd9f7683465c02af896541,ICO Wallets
1395,0xcc1aac4513f751effc94e259daf8a37b76f9db75,ICO Wallets
1396,0x4f8af8e8734d02a21d73e2a4fb29941f35cbbeac,ICO Wallets
1397,0xc39e562defc6ddd1f44ee698cf9303092b86051d,ICO Wallets
1398,0x44fcfabfbe32024a01b778c025d70498382cced0,ICO Wallets
1399,0x7c4b4bb0bb0fadbcb1c54ed55a3b4f1d456726c6,ICO Wallets
1400,0xe9203c8c8eeaeffefecffad6d883c3ea205a832b,ICO Wallets
1401,0x537397e3a68584e05e332d2ba75340e37012f50a,ICO Wallets
1402,0x9d217bcbd0bfae4d7f8f12c7702108d162e3ab79,ICO Wallets
1403,0x081edbef6106ab1253557451b261c1c99bade726,ICO Wallets
1404,0xa723606e907bf84215d5785ea7f6cd93a0fbd121,ICO Wallets
1405,0x45fde77ff768aa83df468fb1c6ebc5f2bb21dcea,ICO Wallets
1406,0x2323763d78bf7104b54a462a79c2ce858d118f2f,ICO Wallets
1407,0x0bb9fc3ba7bcf6e5d6f6fc15123ff8d5f96cee00,ICO Wallets
1408,0x3013d62a7357021259c3ee463ec9fbc64de7ba76,ICO Wallets
1409,0x983293eb01740d9788bbdcfe3a29d1bf2fdfc47d,ICO Wallets
1410,0x9df172fc167a8a567c208fc14e3435eb8043e2b7,ICO Wallets
1411,0x95b2eb812ce96cabc6dfd94bfcdae5192e027763,ICO Wallets
1412,0x7c27f68b0d5afffb668da3e046adfba6ea1f6bc3,ICO Wallets
1413,0xae18c66ac8e11f1218e5b5d25535b935644b8c42,ICO Wallets
1414,0xc869af1617a9032a7c8ee60427027ba23cb9e4f8,ICO Wallets
1415,0xf5c8b99c64a5584a911d3aae4873b3581d48586e,ICO Wallets
1416,0xc87b1bf162c1719e3ffdf34995d1853192d6633b,ICO Wallets
1417,0x55ed2910cc807e4596024266ebdf7b1753405a11,ICO Wallets
1418,0xe5d0c3fea1e5f01ca4098e9580b93b3b5d0ea768,ICO Wallets
1419,0x5bd48309926121370da1cbbd5b958926e8bdb328,ICO Wallets
1420,0xfe95e04a628087fcdd5f278e61f148b47471af4a,ICO Wallets
1421,0x23b61de5076526b3a1026491157c6df731ae8b61,ICO Wallets
1422,0x53f117ca3b93eda96d08c8496af103303c385059,ICO Wallets
1423,0x75ba02c5baf9cc3e9fe01c51df3cb1437e8690d4,ICO Wallets
1424,0xd20e4d854c71de2428e1268167753e4c7070ae68,ICO Wallets
1425,0x4b60b53a6edcd75f0730ecc22579df2079f210b0,ICO Wallets
1426,0x967cd47aa3195cff1248ac123e8a452d84daba1d,ICO Wallets
1427,0x660cdee72302d2941a43db1275eded7827023baa,ICO Wallets
1428,0xf67e754b5be1138882d203f46472c69b985108a7,ICO Wallets
1429,0xb55d31e46428beb28234b62d5178dad5ec8ad8ca,ICO Wallets
1430,0x24c3235558572cff8054b5a419251d3b0d43e91b,ICO Wallets
1431,0xa86a60d53e6f474e049be54824551bb99f05adee,ICO Wallets
1432,0x9a60ad6de185c4ea95058601beaf16f63742782a,ICO Wallets
1433,0xdb8c6862ea4f5cc843c4b3ed75eb8951714b7635,ICO Wallets
1434,0x3dbb3e8a5b1e9df522a441ffb8464f57798714b1,ICO Wallets
1435,0xa5384627f6dcd3440298e2d8b0da9d5f0fcbcef7,ICO Wallets
1436,0x3061cfbae69bff0f933353cea20de6c89ab16acc,ICO Wallets
1437,0x72101d19ed90ad71ffaaf6c328930ab9646e751f,ICO Wallets
1438,0xc98f8c6b319ecceccaa9361ed5372274674f96cf,ICO Wallets
1439,0xa85b419eee304563d3587fe934e932f056ca3c14,ICO Wallets
1440,0xc79ab28c5c03f1e7fbef056167364e6782f9ff4f,ICO Wallets
1441,0x850468f69fa4fe32816cd7698fd5bd1ece3e1d5c,ICO Wallets
1442,0x6e95c8e8557abc08b46f3c347ba06f8dc012763f,ICO Wallets
1443,0x851b7f3ab81bd8df354f0d7640efcd7288553419,ICO Wallets
1444,0xce52a8dd7c8ad08e94b44620622e3630f7c1fc90,ICO Wallets
1445,0x3257bde8cf067ae6f1ddc0e4b140fe02e3c5e44f,ICO Wallets
1446,0x7da82c7ab4771ff031b66538d2fb9b0b047f6cf9,ICO Wallets
1447,0x175af261088b31e58ba384b3758f14bcf6c1f4e1,ICO Wallets
1448,0x004e6f03648b0b0f529511697b0f36a463a24836,ICO Wallets
1449,0x85992bb01c8c64a80656c1df988f313af6b661e9,ICO Wallets
1450,0xc03281af336e2c25b41ff893a0e6ce1a932b23af,ICO Wallets
1451,0x1706024467ef8c9c4648da6fc35f2c995ac79cf6,ICO Wallets
1452,0x8c097a9c954894c8779edef955398d6b8ea7226a,ICO Wallets
1453,0xa2c9a7578e2172f32a36c5c0e49d64776f9e7883,ICO Wallets
1454,0x376c3e5547c68bc26240d8dcc6729fff665a4448,ICO Wallets
1455,0x154af3e01ec56bc55fd585622e33e3dfb8a248d8,ICO Wallets
1456,0x21346283a31a5ad10fa64377e77a8900ac12d469,ICO Wallets
1457,0x03e4b00b607d0980668ca6e50201576b00000000,ICO Wallets
1458,0xc4904676bfee9b5332033e6f7307433635346d21,ICO Wallets
1459,0x1c82ee5b828455f870eb2998f2c9b6cc2d52a5f6,ICO Wallets
1460,0x26967201d4d1e1aa97554838defa4fc4d010ff6f,ICO Wallets
1461,0x89add413f34c4858458d658a9f24456551762803,ICO Wallets
1462,0xc640b901a529c58fb6f6c53665768e2d5c835421,ICO Wallets
1463,0x3eb01b3391ea15ce752d01cf3d3f09dec596f650,ICO Wallets
1464,0x562f587bff5a559e3fe671028b3096d8e3bb9107,ICO Wallets
1465,0xf7d58e6720696b8f46dc9270443d8beaeb8d9775,ICO Wallets
1466,0x6a0afe6f45a878100480f312b585aa0d752d4d2d,ICO Wallets
1467,0xdf4d1b71aa4b8bb6814b2e5819844c3093a56349,ICO Wallets
1468,0x02dc3b8ab87c562cdce707647bd1ba21c390faf4,ICO Wallets
1469,0x873767026deab58b3d14ceb60a0c9ba60773e3e7,ICO Wallets
1470,0x93b7e9364c4df6de55ed0d10c80e7afc0612e93a,ICO Wallets
1471,0x68c4b7d05fae45bcb6192bb93e246c77e98360e1,ICO Wallets
1472,0x00832a758a781055ac19b5f9bf553db8bb9db32d,ICO Wallets
1473,0xfd053b5447cb0625464e6e277005fe8adf3c8469,ICO Wallets
1474,0xc7cd9d874f93f2409f39a95987b3e3c738313925,ICO Wallets
1475,0x7e6614722614e434c4df9901bab31e466ba12fa4,ICO Wallets
1476,0x19c1f4d2cf1606d1ba3030aef48b96e56bc92a6a,ICO Wallets
1477,0x2b3b67c6dffc2bcdda2315491eac9bbe868fbcdd,ICO Wallets
1478,0x2149cbdd59b50bef9a264914b441f917dc9c7d55,ICO Wallets
1479,0xf821fd99bca2111327b6a411c90be49dcf78ce0f,ICO Wallets
1480,0x01091506ce9f1977a660c5ad4915cbd89e4e1a49,ICO Wallets
1481,0x04c62019ab478bff5874e7b7d9bc84fcf7e30025,ICO Wallets
1482,0x3bfc20f0b9afcace800d73d2191166ff16540258,ICO Wallets
1483,0xe9eca8bb5e61e8e32f26b5e8c117561f68084a9c,ICO Wallets
1484,0xafa1c92a27215d1d1dad4fa89972e7c8d91218f9,ICO Wallets
1485,0x5a8b20e070e82b4e3fb97ecbd71b587a74f2ecc1,ICO Wallets
1486,0x1a8cc57f1155d7df4626978401e203e00da097f7,ICO Wallets
1487,0xca48ba80cfa6cc06963b62aee48000f031c7e2dc,ICO Wallets
1488,0xee155572635ae7d1f4e30ec3179ce65b5342cb17,ICO Wallets
1489,0xb1c5d524382324c9472c6f8e1a3c0a64465a4902,ICO Wallets
1490,0x10987d8361338eae4472f107cf069558c54516ae,ICO Wallets
1491,0x00674045bb7c17f0aa1cde34780d6c51af548728,ICO Wallets
1492,0x00c7122633a4ef0bc72f7d02456ee2b11e97561e,ICO Wallets
1493,0xb0c591788ac5f9638a8aea025019e626f17186df,ICO Wallets
1494,0x841991ffe0dafd619bc517d82ee4700c37136140,ICO Wallets
1495,0x9a4cd44c1a55cfda565430dee9bfb54f2aacfd6a,ICO Wallets
1496,0xdd76b55ee6dafe0c7c978bff69206d476a5b9ce7,ICO Wallets
1497,0xe76fe52a251c8f3a5dcd657e47a6c8d16fdf4bfa,ICO Wallets
1498,0x6dd5a9f47cfbc44c04a0a4452f0ba792ebfbcc9a,ICO Wallets
1499,0x1f3df0b8390bb8e9e322972c5e75583e87608ec2,ICO Wallets
1500,0x3e5dcce17765928400ee4a4b8905e1dd9f42a00f,ICO Wallets
1501,0x47c8f28e6056374aba3df0854306c2556b104601,ICO Wallets
1502,0x5574754c7cb6618d0079065bfabdc46f31bc7a32,ICO Wallets
1503,0x2ef2782905830533d218b7ff4d15b8c0981ce84b,ICO Wallets
1504,0x5901deb2c898d5dbe5923e05e510e95968a35067,ICO Wallets
1505,0xc78310231aa53bd3d0fea2f8c705c67730929d8f,ICO Wallets
1506,0x5978c1473ee84dd9cf3d90d0e931a79906ee52c5,ICO Wallets
1507,0xa4ddd3977920796bfb14ca8d0fb97491fa72a11d,ICO Wallets
1508,0xe804ad72e60503ed47d267351bdd3441ac1ccb03,ICO Wallets
1509,0xdf398e0be9e0da2d8f8d687fd6b2c9082eefc29a,ICO Wallets
1510,0x22c6731a21ad946bcd934f62f04b2d06ebfbedc9,ICO Wallets
1511,0xdc9727d102f00adf0043d04431b6cd162c5114ea,ICO Wallets
1512,0x0c295c085cae9c6278df49477d29f71d78c5490d,ICO Wallets
1513,0xa646e29877d52b9e2de457eca09c724ff16d0a2b,ICO Wallets
1514,0x0f564a2a5fde73349890e86e9b2aa1639994bf2f,ICO Wallets
1515,0xa33516e6f64c6c2869dff6744953a472cd60c8f6,ICO Wallets
1516,0xf3d1f26b31db83c8899626746d0bbc59d9dd223c,ICO Wallets
1517,0x606b2272215a0cdd1cf4f38293ffaa42f0f56c34,ICO Wallets
1518,0x36be38dab57631aae070b8977daa35d6de1ab8a0,ICO Wallets
1519,0x34967c335d86efc3043fb75f807a0780ffb6905a,ICO Wallets
1520,0x84a6ddb94f9d16334896f581c7f927a9e6ae5601,ICO Wallets
1521,0x185f19b43d818e10a31be68f445ef8edcb8afb83,ICO Wallets
1522,0xb62ef4c58f3997424b0cceab28811633201706bc,ICO Wallets
1523,0x49db6ee4507132d1fdac92318e0e6150bf786728,ICO Wallets
1524,0x0c4b367e876d18d5c102023d9240dd7e9c11b380,ICO Wallets
1525,0xad54edbe26782a7c190eabc0b35869b0e66ffcce,ICO Wallets
1526,0xad8ea3b0215e6efd9d2f2aa22baf6d494dbf7662,ICO Wallets
1527,0x274df34325ca19627e5e587c48b7e77dfc4b9cc6,ICO Wallets
1528,0x146f2fba9eba1b72d5162a56e3e5da6c0f4808cc,ICO Wallets
1529,0x58f75ddacffb183a30f69fe58a67a0d0985fce0f,ICO Wallets
1530,0x5a2fad810f990c4535ada938400b6b67ef7646af,ICO Wallets
1531,0x8dcaeebf49a479ed5e5b3b45a38c9125a0ef6d23,ICO Wallets
1532,0xb4e23d717ed13345498f100c9eacbb256916ae1a,ICO Wallets
1533,0xb4e817449b2fcdec82e69f02454b42fe95d4d1fd,ICO Wallets
1534,0xc2cce1f4190d4451c63cf591678c807679c3d728,ICO Wallets
1535,0x749bd34c771456a8de28aa0883b00d11273e2ede,ICO Wallets
1536,0xd75496c0a6a36308cfda58e317ab97ea46b8f6b5,ICO Wallets
1537,0x11e63fa9256c37d100b6786569663b116480f92a,ICO Wallets
1538,0x525794473f7ab5715c81d06d10f52d11cc052804,Mining
1539,0x241ba672574a78a3a604cdd0a94429a73a84a324,Mining
1540,0xba7dcba2ade319bc772db4df75a76ba00dfb31b0,Mining
1541,0x7b2df125567815ac9b57da04b620f50bc93b320c,Mining
1542,0x5f6e7fb7fe92ea7822472bb0e8f1be60d6a4ea50,Mining
1543,0x1e797ce986c3cff4472f7d38d5c4aba55dfefe40,Mining
1544,0x956cdac781389d259de92e427ecd86e1cc273f7f,Mining
1545,0xc559db74236c1f1dd734e0b4c8d747bb57983e6a,Mining
1546,0x94d6b4fb35fb08cb34aa716ab40049ec88002079,Mining
1547,0x416935c684686877e3931fe8d766cafc5b398ebf,Mining
1548,0x35b08722aa26be119c1608029ccbc976ac5c1082,Mining
1549,0xd780ae2bf04cd96e577d3d014762f831d97129d0,Mining
1550,0x1d621c91a41efcfacb651494f1c9a8b45995a852,Mining
1551,0x6ea53dfc58c5cbf68a799edd208cb3a905db5939,Mining
1552,0x68909e586eeac8f47315e84b4c9788dd54ef65bb,Mining
1553,0x1a0c31837edb132a9312841b9527e6307db13509,Mining
1554,0x7563fb1cf29a9cba24bdbb356fefdea82d77cb1d,Mining
1555,0xedbcc06b603ea1f512720a4073a62cc4fdefcb86,Mining
1556,0x86a63063b3a60652fb070f23cbb4a9833fdbbff8,Mining
1557,0x85ed0aa9e6f025401de93078c17dd83f4691e38e,Mining
1558,0xa66daa57432024023db65477ba87d4e7f5f95213,Mining
1559,0xc16b542ff490e01fcc0dc58a60e1efdc3e357ca6,Mining
1560,0x8e766f57f7d16ca50b4a0b90b88f6468a09b0439,Mining
1561,0x8d8129963291740dddd917ab01af18c7aed4ba58,Mining
1562,0x20c187414fa2e2212aad227223fe323499ed70ff,Mining
1563,0x426ca1ea2406c07d75db9585f22781c096e3d0e0,Mining
1564,0x501262281b2ba043e2fbf14904980689cddb0c78,Mining
1565,0x146d8d942048ad517479c9bab1788712af180fde,Mining
1566,0x516e5436bafdc11083654de7bb9b95382d08d5de,Mining
1567,0x5d0be1e7ca540b007d89bbe0f56f2fa6a60342ea,Mining
1568,0xf5673c0ad28ca6a0064670ce1fe2a73ce847c74f,Mining
1569,0x552fdc8820e46308d2a5a5705c83a71412a9a37c,Mining
1570,0xa62ce5f4175ba550440171ef809197ee21002d64,Mining
1571,0x70504eeed81fa1d75c84cf83c67e9f8cc03350b9,Mining
1572,0x89abe09fd87559ea272df627e38156705304bd80,Mining
1573,0xc761c8dc05ae52a8a785665e528ddbb00c098ad1,Mining
1574,0xc0f1728d9513efc316d0e93a0758c992f88b0809,Mining
1575,0xb4a677b0e363c3815d46326954a4e4d2b1ace357,Mining
1576,0xce9e84a26ddb9e2283de164f7ed595e0d27e32b3,Mining
1577,0x1452dbfcff5aa0ba612b74876a025750a51b5b15,Mining
1578,0xebed4ff9fe34413db8fc8294556bbd1528a4daca,Mining
1579,0xd69834f67b2f5a760617cc9a9bf5ae3a3bb256c2,Mining
1580,0x554ffc77f4251a9fb3c0e3590a6a205f8d4e067d,Mining
1581,0x00192fb10df37c9fb26829eb2cc623cd1bf599e8,Mining
1582,0x002e08000acbbae2155fab7ac01929564949070d,Mining
1583,0xc839ee5542b4e8413246b3634c5c739fea949562,Mining
1584,0x433022c4066558e7a32d850f02d2da5ca782174d,Mining
1585,0xa855c20a1351acd2690c716e2709c7dff3978d12,Mining
1586,0xff1b891969773159366ab6310ff63a69ac4acffd,Mining
1587,0x99c85bb64564d9ef9a99621301f22c9993cb89e3,Mining
1588,0xf3b9d2c81f2b24b0fa0acaaa865b7d9ced5fc2fb,Mining
1589,0xeea5b82b61424df8020f5fedd81767f2d0d25bfb,Mining
1590,0x52e44f279f4203dcf680395379e5f9990a69f13c,Mining
1591,0x68795c4aa09d6f4ed3e5deddf8c2ad3049a601da,Mining
1592,0xf8b483dba2c3b7176a3da549ad41a48bb3121069,Mining
1593,0xa42af2c70d316684e57aefcc6e393fecb1c7e84e,Mining
1594,0x6a7a43be33ba930fe58f34e07d0ad6ba7adb9b1f,Mining
1595,0xe5a349fc4ff853dfdd0b7eaaa9dcd8918e768f49,Mining
1596,0x249bdb4499bd7c683664c149276c1d86108e2137,Mining
1597,0x2a65aca4d5fc5b5c859090a6c34d164135398226,Mining
1598,0x151255dd9e38e44db38ea06ec66d0d113d6cbe37,Mining
1599,0xa027231f42c80ca4125b5cb962a21cd4f812e88f,Mining
1600,0xf35074bbd0a9aee46f4ea137971feec024ab704e,Mining
1601,0x8fce1ef27f3add1411c7a99be402de598ad38389,Mining
1602,0x52f13e25754d822a3550d0b68fdefe9304d27ae8,Mining
1603,0x8d35067233605bef6069191ae0922d134ff80d48,Mining
1604,0x9d551f41fed6fc27b719777c224dfecce170004d,Mining
1605,0xea674fdde714fd979de3edf0f56aa9716b898ec8,Mining
1606,0xe6a7a1d47ff21b6321162aea7c6cb457d5476bca,Mining
1607,0x4bb96091ee9d802ed039c4d1a5f6216f90f81b01,Mining
1608,0x6537b65a50a862391515455272f9b6c7168afe94,Mining
1609,0xcc22cb1b6625b64e81909456111d76be6158dfbc,Mining
1610,0x8595dd9e0438640b5e1254f9df579ac12a86865f,Mining
1611,0x829bd824b016326a401d083b33d092293333a830,Mining
1612,0x35f61dfb08ada13eba64bf156b80df3d5b3a738d,Mining
1613,0x464b0b37db1ee1b5fbe27300acfbf172fd5e4f53,Mining
1614,0x7f101fe45e6649a6fb8f3f8b43ed03d353f2b90c,Mining
1615,0xd34da389374caad1a048fbdc4569aae33fd5a375,Mining
1616,0xd0db3c9cf4029bac5a9ed216cd174cba5dbf047c,Mining
1617,0x4c549990a7ef3fea8784406c1eecc98bf4211fa5,Mining
1618,0x14b30f257c2737370203a15aa343c2b600dfb675,Mining
1619,0x9d6d492bd500da5b33cf95a5d610a73360fcaaa0,Mining
1620,0xf64f9720cfcb59ca4f5f45e6fdb3f68b875b7295,Mining
1621,0x4e4e23ac3c11789e23169025503ea4373b01417b,Mining
1622,0x7f3b29ae0d5edae9bb148537d4ed2b12beddf8b3,Mining
1623,0x6c3183792fbb4a4dd276451af6baf5c66d5f5e48,Mining
1624,0xcf6ce585cb4a78a6f96e6c8722927161a696f337,Mining
1625,0x09ab1303d3ccaf5f018cd511146b07a240c70294,Mining
1626,0x06b8c5883ec71bc3f4b332081519f23834c8706e,Mining
1627,0x3ecef08d0e2dad803847e052249bb4f8bff2d5bb,Mining
1628,0x2a98776c7e13ed1c240858bd241dcf95fc1928b4,Mining
1629,0x52bc44d5378309ee2abf1539bf71de1b7d7be3b5,Mining
1630,0xd5bbb4264b70ca4f58c45d27b9d7e11190754a54,Mining
1631,0x6b7d50bb8fab584e54251a10e1c6cfa51dd7b618,Mining
1632,0x47c439c8784b44366735fc2cfe08228cb91d5b8e,Mining
1633,0xa7b0536fb02c593b0dfd82bd65aacbdd19ae4777,Mining
1634,0xe16263ee79b0ee32c242c99f02559e92abaea9eb,Mining
1635,0x5a0b54d5dc17e0aadc383d2db43b0a0d3e029c4c,Mining
1636,0x1dcb8d1f0fcc8cbc8c2d76528e877f915e299fbe,Mining
1637,0x63a9975ba31b0b9626b34300f7f627147df1f526,Mining
1638,0xa3c084ae80a3f03963017669bc696e961d3ae5d5,Mining
1639,0xd224ca0c819e8e97ba0136b3b95ceff503b79f53,Mining
1640,0x44fd3ab8381cc3d14afa7c4af7fd13cdc65026e1,Mining
1641,0x9435d50503aee35c8757ae4933f7a0ab56597805,Mining
1642,0xd1e56c2e765180aa0371928fd4d1e41fbcda34d4,Mining
1643,0x7c6694032b4db11ac485e1cff0f7509d58b41569,Mining
1644,0xe4bdced60430a90f31dba03524dd5d15a2670649,Mining
1645,0x04668ec2f57cc15c381b461b9fedab5d451c8f7f,Mining
13,0x956e0dbecc0e873d34a5e39b25f364b2ca036730,Exchange
15,0xeb6d43fe241fb2320b5a3c9be9cdfd4dd8226451,Exchange
83,0x6a164122d5cf7c840d26e829b46dcc4ed6c0ae48,ICO Wallets
107,0xb2930b35844a230f00e51431acae96fe543a0347,Mining
113,0xaf518d65f84e4695a4da0450ec02c1248f56b668,ICO Wallets
125,0x61c808d82a3ac53231750dadc13c777b59310bd9,Mining
